"COUNTRY","REGION","YEAR","ENERGY","PRIMARY_GOODS","MANUFACTURES","SERVICES","INVESTMENTS","TROOPS","MILITARY_EQUIPMENT","MIGRATIONS","TOURISM","SPORTS","CULTURE","INFORMATION","TECHNOLOGY","SCIENCE","EDUCATION","DEV_COOPERATION","CLIMATE","ECONOMIC","MILITARY","SOFT","GLOBAL","ECONOMIC_RANK","MILITARY_RANK","SOFT_RANK","GLOBAL_RANK","ENERGY_CONT","PRIMARY_GOODS_CONT","MANUFACTURES_CONT","SERVICES_CONT","INVESTMENTS_CONT","TROOPS_CONT","MILITARY_EQUIPMENT_CONT","MIGRATIONS_CONT","TOURISM_CONT","SPORTS_CONT","CULTURE_CONT","INFORMATION_CONT","TECHNOLOGY_CONT","SCIENCE_CONT","EDUCATION_CONT","DEV_COOPERATION_CONT","CLIMATE_CONT","ECONOMIC_CONT","MILITARY_CONT","SOFT_CONT","ECONOMIC_SHARE","MILITARY_SHARE","SOFT_SHARE","GLOBAL_SHARE","GOBAL_PERCENTILE"
"Cameroon",,2024,0.4289912796020508,0.4466365242004394,0.054681299328804014,0.776437520980835,0.06866160035133362,1.6152672958374024,0.23032968521118163,0.7214186668395995,0.1405958032608032,0.15634989738464355,0.007356420233845711,0.1333528423309326,0.013298699259757997,0.28771875381469725,0.4743305587768555,0,0.7985301971435548,1.7754080295562744,1.8455970287322998,2.7329509258270264,6.353957176208496,116,70,98,105,0.06751500070095062,0.07029200345277786,0.008604999631643295,0.12219700217247009,0.010805999860167503,0.25421398878097534,0.03624900057911873,0.11353799700737,0.022127000615000725,0.024606000632047653,0.0011569999624043703,0.020987000316381454,0.0020920000970363617,0.045281000435352325,0.07465100288391113,0,0.12567399442195892,0.2794170081615448,0.29046401381492615,0.43011799454689026,0.000186,0.000522,0.000623,0.000364,0.3
"China",,2024,10.904729003906251,20.126392822265625,491.8647216796875,120.07583007812501,322.88554687500005,5.507171287536621,459.8485546875,0.8316474723815918,2.229792251586914,9.098519134521485,93.09188232421874,37.965625,89.70148925781251,108.258662109375,12.890856933593751,6.200169677734376,186.9208984375,965.857177734375,465.355712890625,547.1895751953125,1978.4024658203125,2,3,2,2,0.005510999821126461,0.010173000395298004,0.2486169934272766,0.06069299951195717,0.16320499777793884,0.0027830000035464764,0.2324340045452118,0.0004199999966658652,0.0011269999668002129,0.0045980000868439674,0.047054000198841095,0.019190000370144844,0.045340001583099365,0.05471999943256378,0.006515000015497208,0.0031330001074820757,0.094480000436306,0.48820000886917114,0.23521700501441956,0.2765809893608093,0.101231,0.131624,0.124816,0.113307,0.9866666666666667
"United States of America",,2024,57.669912109375,61.176522216796876,191.90999267578124,327.56962890625005,1036.3983398437501,211.12468505859374,661.2323437499999,63.795351562499995,10.4819970703125,12.673592376708985,153.23520629882813,50.245341796875,285.4458740234375,64.452255859375,53.4651171875,136.41579833984378,61.04400634765625,1674.724365234375,872.3570556640625,891.2545166015625,3438.3359375,1,1,1,1,0.01677200011909008,0.017791999503970146,0.055814001709222794,0.09526900202035904,0.3014239966869354,0.061402998864650726,0.19231100380420685,0.018554000183939934,0.0030479999259114265,0.0036849998869001865,0.04456600174307823,0.014612999744713306,0.083017997443676,0.018744999542832375,0.015549000352621078,0.039673998951911926,0.01775299943983555,0.48707398772239685,0.253713995218277,0.259211003780365,0.175528,0.246744,0.203299,0.196921,0.9933333333333333
"India",,2024,15.944957275390625,17.387698974609375,40.25556518554687,108.83760986328126,25.921807861328126,11.067337188720703,103.19931884765624,5.668000946044922,2.6903377532958985,0.7229597568511963,34.58617492675781,39.12255615234375,4.943243789672852,18.56547119140625,2.9324819946289065,2.1202883148193363,32.13920288085938,208.34764099121094,114.26665496826172,143.49072265625,466.1050109863281,11,7,7,9,0.03420799970626831,0.037303999066352844,0.0863649994134903,0.23350399732589722,0.05561299994587898,0.023744000121951103,0.2214069962501526,0.012160000391304493,0.005770999938249588,0.0015510000521317124,0.07420200109481812,0.08393500000238419,0.010604999959468842,0.039831001311540604,0.006291000172495842,0.004548000171780586,0.06895200163125992,0.4469969868659973,0.24515199661254883,0.3078500032424927,0.021837,0.03232,0.032731,0.026695,0.94
"Brazil",,2024,9.846984252929687,25.345856323242188,12.930162506103516,14.225794982910157,40.187722778320314,0.127186381816864,22.976273803710935,1.2908842849731446,0.9315087890625,2.80391788482666,2.139604740142822,7.976956787109375,1.759007453918457,8.079326171875,1.5406117248535156,0.07001550436019899,23.981158447265628,102.5365219116211,23.10346031188965,50.57299041748047,176.2129669189453,23,23,17,21,0.05588100105524063,0.14383600652217865,0.07337799668312073,0.08072999864816666,0.22806300222873688,0.0007210000185295939,0.130389004945755,0.007325000129640102,0.005286000203341246,0.015912000089883804,0.012141999788582325,0.04526799917221069,0.009982000105082989,0.04584899917244911,0.008741999976336956,0.0003969999961555004,0.13609099388122559,0.5818889737129211,0.1311109960079193,0.286998987197876,0.010747,0.006535,0.011536,0.010092,0.86
"Germany",,2024,6.307991943359375,19.980056762695312,226.23875244140623,141.54141845703126,239.40834960937502,5.68735221862793,28.4526123046875,19.867216186523436,5.4868835449218745,3.857921600341797,26.217636108398438,8.786034545898438,73.70431518554688,18.866490478515626,25.89009521484375,49.88878723144532,17.322663879394533,633.4765625,34.13996505737305,249.88803100585938,917.5045776367188,3,17,4,3,0.006874999962747097,0.021776000037789345,0.24658000469207764,0.15426699817180634,0.2609339952468872,0.0061980001628398895,0.03101000003516674,0.02165300026535988,0.005979999899864197,0.0042039998807013035,0.02857399918138981,0.009576000273227692,0.0803309977054596,0.020562000572681427,0.028217000886797905,0.05437399819493294,0.018880000337958336,0.6904339790344238,0.03720900043845177,0.2723560035228729,0.066395,0.009656,0.057001,0.052547,0.98
"Japan",,2024,2.27166748046875,6.0425262451171875,95.02692626953124,66.21114501953126,234.28212890625002,0.8139929294586181,248.256181640625,3.4551651763916014,3.952132873535156,4.77373046875,15.489249114990233,6.395462646484376,107.86256103515626,12.7018896484375,12.788572998046876,41.33526489257813,16.409051513671876,403.83441162109375,249.07017517089844,225.16307067871094,878.0676879882812,5,4,5,4,0.0025869999080896378,0.006881000008434057,0.10822200030088425,0.07540500164031982,0.2668150067329407,0.0009270000155083835,0.28273001313209534,0.00393400015309453,0.0044999998062849045,0.005435999948531389,0.017640000209212303,0.007282999809831381,0.12284000217914581,0.014464999549090862,0.014564000070095062,0.047074999660253525,0.01868700049817562,0.4599120020866394,0.2836570143699646,0.2564300000667572,0.042326,0.070449,0.051361,0.050289,0.9733333333333334
"Russia",,2024,41.126748046875,31.389547119140623,16.34015396118164,12.963673400878907,28.3698974609375,244.26186767578125,248.9600390625,14.639266662597656,2.7772288513183594,0.21161956787109376,0.5149523305892945,15.27807373046875,1.8960561752319336,6.4328125,21.8380712890625,2.1239807891845706,14.776336669921875,130.1900177001953,493.221923828125,80.48839569091797,703.9003295898438,19,2,12,6,0.05842600017786026,0.044592998921871185,0.02321299910545349,0.01841600053012371,0.04030299931764603,0.3470120131969452,0.35368600487709045,0.020796999335289,0.0039450000040233135,0.0003000000142492354,0.0007309999782592058,0.021703999489545822,0.002693000016734004,0.009138000197708607,0.03102399967610836,0.0030169999226927757,0.02099199965596199,0.18495500087738037,0.7006980180740356,0.11434599757194519,0.013645,0.139506,0.01836,0.040314,0.96
"Canada",,2024,25.6012646484375,28.739862670898436,39.946063842773434,43.93914794921875,212.1187744140625,4.663501625061035,23.9780419921875,10.146304321289062,2.892281341552734,2.827523422241211,15.86576431274414,5.544849853515625,17.595306396484375,12.300235595703125,21.614189453125,16.798144683837894,12.913502502441407,350.3451232910156,28.641544342041016,118.49810028076172,497.4847717285156,8,18,8,8,0.05146099999547005,0.05776999890804291,0.08029600232839584,0.0883219987154007,0.42638200521469116,0.009374000132083893,0.048197999596595764,0.020394999533891678,0.005812999792397022,0.005683000199496746,0.031890999525785446,0.011145000346004963,0.035367999225854874,0.024723999202251434,0.043446000665426254,0.0337660014629364,0.025956999510526657,0.7042319774627686,0.05757199972867966,0.23819400370121002,0.03672,0.008101,0.02703,0.028492,0.9466666666666667
"Indonesia",,2024,9.23364501953125,13.945128479003905,18.51799301147461,10.521337890625,12.299114990234376,5.371505928039551,43.145943603515626,0.35291871070861813,0.6088411903381348,0.4300542831420899,0,8.262931518554687,0.2623088598251343,1.3314566040039062,0.5937161636352539,0.2931370830535889,9.441134643554689,64.51721954345703,48.51744842529297,21.576499938964844,134.61117553710938,31,12,32,27,0.06859400123357773,0.10359500348567963,0.1375660002231598,0.07816000282764435,0.09136699885129929,0.03990299999713898,0.3205220103263855,0.0026209999341517687,0.004521999973803759,0.003194000106304884,0,0.06138300150632858,0.0019480000482872128,0.009890999644994736,0.004410000052303076,0.002177000045776367,0.07013600319623947,0.47928500175476074,0.36042600870132446,0.16028699278831482,0.006762,0.013723,0.004922,0.007709,0.82
"Spain",,2024,4.9916491699218755,11.771054992675781,44.12643585205078,63.931652832031254,69.23171386718751,7.421326446533203,40.31084106445312,8.619849243164062,13.428516540527344,2.491399955749512,9.056311798095702,3.3116302490234375,6.971787261962891,11.48185546875,5.883701171875,8.18220329284668,7.915348052978516,194.05250549316406,47.7321662902832,77.34260559082031,319.1272888183594,13,13,14,13,0.015641000121831894,0.03688500076532364,0.1382720023393631,0.20033200085163116,0.2169400006532669,0.0232549998909235,0.12631499767303467,0.027009999379515648,0.04207799956202507,0.007805999834090471,0.028378000482916832,0.010377000086009502,0.021846000105142593,0.03597800061106682,0.018435999751091003,0.025638999417424202,0.024802999570965767,0.6080719828605652,0.14957000315189362,0.24235600233078003,0.020339,0.013501,0.017642,0.018277,0.9133333333333333
"Australia",,2024,19.838853759765627,33.1613818359375,4.699934692382812,23.577552795410156,78.06984252929688,1.6682615661621094,47.23092041015625,9.692115783691406,1.1331675338745117,5.393215560913086,3.8084926986694336,4.206419067382813,9.095899200439453,11.62179931640625,19.168095703125,6.860870513916017,7.740202331542969,159.34756469726562,48.8991813659668,78.72027587890625,286.9670104980469,17,11,13,14,0.069132000207901,0.11555799841880798,0.016377000138163567,0.08216100186109543,0.27205100655555725,0.005812999792397022,0.16458599269390106,0.0337739996612072,0.00394799979403615,0.018792999908328056,0.013271000236272812,0.014658000320196152,0.03169599920511246,0.040497999638319016,0.0667949989438057,0.02390800043940544,0.026971999555826187,0.5552809834480286,0.1703999936580658,0.27431800961494446,0.016701,0.013831,0.017956,0.016435,0.9066666666666666
"Turkey",,2024,2.9042059326171876,6.291904907226562,29.62169219970703,32.77839050292969,6.5960227966308596,19.41924407958984,37.473200683593745,7.610669403076171,8.696710510253906,1.2258727073669435,20.389132232666014,8.734061889648437,2.0986993789672854,7.276019287109375,15.65874755859375,14.43088088989258,7.414347839355469,78.19221496582031,56.8924446105957,93.53514099121094,228.6197967529297,30,10,10,16,0.012702999636530876,0.027520999312400818,0.1295669972896576,0.1433749943971634,0.02885100059211254,0.08494099974632263,0.16391000151634216,0.033289000391960144,0.038040000945329666,0.005361999850720167,0.08918300271034241,0.03820300102233887,0.009178999811410904,0.031824998557567596,0.06849200278520584,0.063120998442173,0.032430000603199005,0.3420180082321167,0.2488510012626648,0.40912899374961853,0.008195,0.016092,0.021336,0.013094,0.8933333333333333
"France",,2024,5.829832763671875,13.707608642578125,76.97797119140624,116.26411132812501,179.69359130859377,18.17917739868164,114.24989501953125,10.736949462890625,15.766906127929687,6.74211654663086,30.541717529296875,8.571791381835938,35.03257751464844,11.90020751953125,16.9056396484375,31.73794616699219,7.259693145751953,392.4731140136719,132.42906188964844,175.19554138183594,700.0977172851562,6,5,6,7,0.008326999843120575,0.019579000771045685,0.10995300114154816,0.16606800258159637,0.2566690146923065,0.02596599981188774,0.16319100558757782,0.015336000360548496,0.0225210003554821,0.009630000218749046,0.04362399876117706,0.012242999859154224,0.05003900080919266,0.016997000202536583,0.024147000163793564,0.045333001762628555,0.010369000025093555,0.5605970025062561,0.18915699422359467,0.25024399161338806,0.041135,0.037457,0.039963,0.040096,0.9533333333333334
"Italy",,2024,4.249954528808594,11.413330078125,85.30608581542968,47.53795166015625,64.16085815429688,10.804485168457031,70.87790771484374,8.041657104492188,9.026396484374999,4.643045806884766,22.82760818481445,4.723050842285156,14.95328369140625,14.13294677734375,5.771663818359375,12.908949127197268,7.176877593994141,212.66818237304688,81.6823959350586,104.20548248291016,398.5560607910156,10,9,9,12,0.01066299993544817,0.02863599918782711,0.2140370011329651,0.11927500367164612,0.16098299622535706,0.027109000831842422,0.17783600091934204,0.020176000893115997,0.02264700084924698,0.011649000458419323,0.05727500095963478,0.011850000359117985,0.03751799836754799,0.03545999899506569,0.014480999670922756,0.03238900005817413,0.018007000908255577,0.5335959792137146,0.20494499802589417,0.26145699620246887,0.02229,0.023104,0.02377,0.022826,0.92
"United Kingdom",,2024,7.541057739257813,16.076513671875,52.57818786621093,188.945556640625,233.36074218750002,15.453148040771485,101.2909423828125,11.790511779785156,5.867654113769531,7.814458465576172,43.41610656738281,27.4268603515625,42.050601196289065,22.033613281250002,43.3090380859375,40.222416992187505,6.823534393310547,498.5020751953125,116.74408721923828,250.75479125976562,866.0009765625,4,6,3,5,0.008706999942660332,0.018564000725746155,0.06071300059556961,0.21818099915981293,0.2694689929485321,0.017844000831246376,0.11696399748325348,0.01361399982124567,0.006775000132620335,0.009022999554872513,0.050133999437093735,0.03167000040411949,0.04855699837207794,0.025442000478506088,0.05000999942421913,0.046445999294519424,0.007879000157117844,0.5756360292434692,0.1348080039024353,0.28955399990081787,0.052248,0.033021,0.057198,0.049598,0.9666666666666667
"Vietnam",,2024,0.8412355041503906,5.031497497558593,47.907822875976564,6.272436141967773,1.4935282707214357,0.5553805589675903,0,0.06270524740219116,1.9869454193115235,0.16107665300369264,0,6.355426025390625,0.12590810060501098,1.4283973693847656,0.4979444122314453,0,6.307283782958985,61.54651641845703,0.5553799867630005,16.925687789916992,79.027587890625,32,98,41,34,0.01064400002360344,0.06366699934005737,0.6062160134315491,0.07936999946832657,0.018897999078035355,0.007027000188827515,0,0.0007929999846965075,0.025141999125480652,0.0020379999186843634,0,0.08042000234127045,0.0015930000226944685,0.018074000254273415,0.006300000008195639,0,0.07981099933385849,0.7787969708442688,0.007027000188827515,0.21417400240898132,0.006451,0.000157,0.003861,0.004526,0.7733333333333333
"Mexico",,2024,5.79259521484375,9.339990234375,71.85360168457031,16.594895935058595,24.470135498046876,0.021197700351476667,2.661184844970703,1.4674536895751953,6.614059753417968,0.8582292556762696,2.2546374320983884,6.397801513671875,0.6621674537658692,2.945312194824219,3.5130670166015627,0.7170265579223634,6.10962257385254,128.0512237548828,2.682382106781006,31.539377212524414,162.27297973632812,20,62,24,23,0.03569599986076355,0.05755700170993805,0.44279399514198303,0.10226500034332275,0.15079599618911743,0.00013000000035390258,0.016398999840021133,0.00904299970716238,0.04075799882411957,0.005288000218570232,0.013894000090658665,0.03942599892616272,0.0040799998678267,0.018149999901652336,0.02164899930357933,0.004418000113219023,0.03765000030398369,0.7891089916229248,0.016529999673366547,0.19436000287532806,0.013421,0.000759,0.007194,0.009294,0.8466666666666667
"South Korea",,2024,9.474423217773438,8.606878051757812,86.30711059570312,39.817239379882814,74.926123046875,1.9353531074523924,102.52177001953125,2.163716125488281,1.7392474365234374,3.435409164428711,10.954675140380859,6.85119140625,31.446469116210938,11.156158447265625,7.910642700195313,6.664679641723634,5.9377182006835945,219.13177490234375,104.45712280273438,88.2599105834961,411.84881591796875,9,8,11,11,0.023003999143838882,0.0208979994058609,0.20956000685691833,0.09667900204658508,0.18192599713802338,0.004699000157415867,0.24893000721931458,0.005253000184893608,0.004222999792546034,0.00834100041538477,0.026598000898957253,0.016635000705718994,0.0763539969921112,0.027086999267339706,0.019207000732421875,0.016181999817490578,0.014417000114917755,0.5320680141448975,0.25362899899482727,0.2143010050058365,0.022967,0.029545,0.020132,0.023587,0.9266666666666666
"Iran",,2024,4.9043341064453125,5.129482269287109,6.209080581665039,3.719999313354492,0.47513861656188966,0,10.541260986328124,3.499837188720703,0.9252020645141601,1.3781710624694825,0,4.642707824707031,0.15819220542907717,6.716541137695312,1.6058375549316406,0,5.808763885498047,20.438034057617188,10.541259765625,24.735252380371094,55.71454620361328,50,35,28,44,0.0880260020494461,0.09206700325012207,0.11144399642944336,0.06676799803972244,0.008527999743819237,0,0.1892009973526001,0.06281699985265732,0.016605999320745468,0.02473600022494793,0,0.08332999795675278,0.0028389999642968178,0.12055200338363647,0.028821999207139015,0,0.10425899922847748,0.36683401465415955,0.1892009973526001,0.4439629912376404,0.002142,0.002982,0.005642,0.003191,0.7066666666666667
"Saudi Arabia",,2024,43.525708007812504,25.515620727539062,11.40764419555664,15.52874755859375,22.385676574707034,1.0598866939544678,39.5841064453125,16.971553344726562,4.323758697509765,0.22140791416168215,0,11.556131591796875,2.1485103607177733,6.885891723632812,4.162841186523438,11.53801467895508,4.280466461181641,118.36339569091797,40.64399337768555,62.08857727050781,221.09596252441406,22,15,16,17,0.19686299562454224,0.11540500074625015,0.05159499868750572,0.0702349990606308,0.10124800354242325,0.004792999941855669,0.1790349930524826,0.07676099985837936,0.01955600082874298,0.0010010000551119447,0,0.05226700007915497,0.009716999717056751,0.031144000589847565,0.018828000873327255,0.052184998989105225,0.019360000267624855,0.5353479981422424,0.18382899463176727,0.2808209955692291,0.012406,0.011496,0.014163,0.012663,0.8866666666666667
"Congo, DR",,2024,0.11177632331848145,1.3847362518310546,0.36511190414428707,0.0026719000190496447,0.42987680435180664,0,0.6909891700744628,1.1666831588745117,0.1504381227493286,0.16468513011932373,0.00015767999575473367,0.17636011123657228,0.2665884494781494,0.0982706356048584,0.1746794891357422,0,4.038512420654297,2.294173002243042,0.6909890174865723,6.236374855041504,9.221536636352539,111,93,67,93,0.012121000327169895,0.15016299486160278,0.03959299996495247,0.00028899998869746923,0.046615999191999435,0,0.07493200153112411,0.12651699781417847,0.01631299965083599,0.017858000472187996,0.00001700000029813964,0.019123999401926994,0.028908999636769295,0.01065600011497736,0.018942000344395638,0,0.4379430115222931,0.24878400564193726,0.07493200153112411,0.6762830018997192,0.00024,0.000195,0.001423,0.000528,0.38
"Poland",,2024,2.042829895019531,7.9549081420898435,43.283553771972656,34.89275817871094,4.197918701171875,2.560686149597168,3.940391693115234,1.0190494537353516,2.9935047912597654,1.264280414581299,7.556213836669921,2.1495465087890624,2.4225641250610352,5.690831909179687,5.887487182617187,5.441769409179688,4.023062896728516,92.3719711303711,6.501077175140381,38.44831085205078,137.3213653564453,24,47,18,26,0.01487599965184927,0.05792900174856186,0.31519800424575806,0.2540949881076813,0.030570000410079956,0.018647000193595886,0.028694000095129013,0.007420000154525042,0.02179899998009205,0.009205999784171581,0.055025000125169754,0.01565299928188324,0.01764100044965744,0.04144100099802017,0.04287299886345863,0.03962700068950653,0.02929599955677986,0.6726700067520142,0.04734199866652489,0.27998700737953186,0.009682,0.001839,0.00877,0.007865,0.8266666666666667
"Netherlands",,2024,24.7151025390625,32.568530273437496,89.55557556152344,100.98432006835938,114.28939208984376,1.5877103233337402,23.98446533203125,2.970629425048828,3.201155090332031,3.7814678192138675,8.583138198852538,4.079585571289063,15.821572875976564,7.220899047851563,9.264574584960938,10.709266204833986,3.794261932373047,362.1129150390625,25.572174072265625,69.42655181884766,457.1116638183594,7,19,15,10,0.05406700074672699,0.07124800235033035,0.19591599702835083,0.22091799974441528,0.2500250041484833,0.0034729999024420977,0.05246900022029877,0.006498000118881464,0.007003000006079674,0.008271999657154083,0.018775999546051025,0.008923999965190887,0.03461199998855591,0.015796000137925148,0.020267000421881676,0.023428000509738922,0.008299999870359898,0.7921760082244873,0.055941998958587646,0.15187999606132507,0.037953,0.007233,0.015837,0.02618,0.9333333333333333
"South Africa",,2024,2.114063568115234,6.630373077392578,6.787301330566406,4.527681350708008,17.33173980712891,3.6778068923950196,4.425837249755859,3.922971954345703,1.3375065994262694,0.7843906402587891,2.0909706687927248,1.987229461669922,0.4961867809295655,2.7985711669921876,1.965532989501953,0.06875011324882507,3.738438415527344,37.39115905761719,8.103644371032715,19.190547943115234,64.68534851074219,39,44,36,38,0.03268200159072876,0.10250099748373032,0.10492700338363647,0.06999500095844269,0.2679390013217926,0.05685599893331528,0.06842099875211716,0.06064600124955177,0.020677000284194946,0.012125999666750431,0.03232499957084656,0.030720999464392662,0.007670000195503235,0.0432640016078949,0.030386000871658325,0.001062000053934753,0.0577940009534359,0.5780460238456726,0.12527699768543243,0.2966749966144562,0.003919,0.002292,0.004377,0.003705,0.7466666666666667
"Pakistan",,2024,0.0296560001373291,0.8081224250793456,3.244658546447754,2.3693435668945315,0.313097095489502,5.591962394714355,19.314949951171876,4.051416778564453,0.349236946105957,0.1956887483596802,0.024250229895114897,1.8773728942871095,0.03792949914932251,4.026289367675782,0.16784223556518554,0,3.656169128417969,6.764876842498779,24.906911849975586,14.38619613647461,46.0579833984375,75,20,45,48,0.0006430000066757202,0.017544999718666077,0.07044699788093567,0.05144200101494789,0.0067969998344779015,0.12141100317239761,0.4193609952926636,0.08796299993991852,0.007581999991089106,0.004248000215739012,0.0005259999888949096,0.04076100140810013,0.0008229999803006649,0.08741699904203415,0.0036440000403672457,0,0.07938099652528763,0.1468770056962967,0.540772020816803,0.31234899163246155,0.000709,0.007045,0.003282,0.002638,0.68
"Thailand",,2024,1.8166757202148438,7.9769439697265625,31.675550537109373,18.28724822998047,20.64167022705078,0.6147342824935913,42.983551025390625,4.560556640625,4.438384094238281,0.7824821949005127,0,7.21669677734375,0.5921462535858154,2.118804168701172,1.920422821044922,0.1432365894317627,3.5707263946533203,80.39808654785156,43.59828567504883,25.343456268310547,149.33982849121094,28,14,26,25,0.012164000421762466,0.0534139983355999,0.2121029943227768,0.1224529966711998,0.13821899890899658,0.0041160001419484615,0.28782299160957336,0.030538000166416168,0.0297200009226799,0.005239000078290701,0,0.048323001712560654,0.003965000156313181,0.014186999760568142,0.012858999893069267,0.0009590000263415277,0.023910000920295715,0.5383560061454773,0.29194000363349915,0.16970300674438477,0.008427,0.012332,0.005781,0.008553,0.8333333333333334
"Argentina",,2024,1.050737075805664,4.196182708740234,1.9113146781921386,5.23138656616211,5.306062698364258,0.7376811218261718,7.9969088745117185,2.8645131683349607,1.1486191177368164,1.0385850906372072,1.1368610286712646,4.333143920898437,0.38224539756774906,1.5353868103027344,8.798472900390625,0.3247709178924561,3.5188098907470704,17.695682525634766,8.734589576721191,25.08140754699707,51.511680603027344,52,41,27,46,0.02039800025522709,0.08145999908447266,0.03710399940609932,0.10155700147151947,0.10300599783658981,0.01432000007480383,0.15524399280548096,0.05560800060629845,0.022298000752925873,0.020161999389529228,0.022068999707698822,0.08411899954080582,0.007420000154525042,0.029805999249219894,0.17080500721931458,0.006304000038653612,0.06831000000238419,0.3435269892215729,0.16956500709056854,0.4869070053100586,0.001855,0.002471,0.005721,0.00295,0.6933333333333334
"Malaysia",,2024,9.213768920898438,9.640648498535155,33.89098754882812,13.76942596435547,15.859304809570313,1.8060469436645508,8.723409118652343,4.376194152832031,3.1756125640869137,0.3405858755111695,5.72956615447998,4.712410888671875,0.6120957851409913,2.7391653442382813,6.996632690429688,0,2.8146938323974613,82.37413024902344,10.529455184936523,31.496957778930664,124.40054321289062,27,36,25,29,0.07406499981880188,0.0774959996342659,0.2724339962005615,0.11068599671125412,0.1274850070476532,0.014516999945044518,0.07012300193309784,0.03517799824476242,0.025527000427246094,0.002736999886110425,0.04605700075626373,0.03787999972701073,0.004920000210404396,0.02201800048351288,0.05624200031161308,0,0.0226259995251894,0.662168025970459,0.0846410021185875,0.25318899750709534,0.008634,0.002978,0.007185,0.007125,0.8066666666666666
"Venezuela",,2024,1.181212387084961,0.6633101463317871,0.1336519753932953,0.08906019926071168,3.5340427398681644,0,6.172629547119141,1.6617721939086914,0.12710997104644775,0.19324430227279665,0,1.8614292907714844,0.008071000128984452,0.09664511680603027,0,0,2.7198787689208985,5.601276874542236,6.172628879547119,6.668149948120117,18.442058563232422,80,48,64,69,0.06404899805784225,0.03596699982881546,0.007247000001370907,0.00482900021597743,0.19162899255752563,0,0.3347029983997345,0.09010700136423111,0.006891999859362841,0.010478000156581402,0,0.1009330004453659,0.00043700000969693065,0.005239999853074551,0,0,0.1474819928407669,0.303723007440567,0.3347029983997345,0.3615730106830597,0.000587,0.001746,0.001521,0.001056,0.54
"Colombia",,2024,4.506104431152344,3.903540802001953,1.5846866798400878,4.84540023803711,8.05208969116211,0.5935365056991577,2.462567825317383,2.3871869659423828,0.887676830291748,0.9290410041809083,0.44708600521087644,8.179373168945313,0.3496229410171509,1.2489979553222657,0.3495877456665039,0.09490050315856935,2.685260581970215,22.891822814941406,3.0561039447784424,17.558732986450195,43.50666046142578,46,60,40,50,0.10357200354337692,0.08972200006246567,0.036423999816179276,0.1113710030913353,0.1850769966840744,0.013642000034451485,0.05660200119018555,0.05486899986863136,0.020402999594807625,0.02135300077497959,0.010276000015437603,0.18800200521945953,0.008035999722778797,0.028707999736070633,0.008035000413656235,0.0021810000762343407,0.061719998717308044,0.5261679887771606,0.07024399936199188,0.4035870134830475,0.002399,0.000864,0.004005,0.002492,0.6666666666666666
"Sweden",,2024,2.6362710571289063,4.56076675415039,22.604691467285157,33.68223876953125,57.914953613281256,0.05511402010917663,2.0019083404541016,2.52577033996582,1.187405662536621,1.3455536842346192,4.904836921691895,1.7862609863281251,9.325110626220704,5.0047106933593755,2.1759545898437502,6.3119570159912115,2.6788814544677737,121.39891815185547,2.0570220947265625,37.24644088745117,160.702392578125,21,68,21,24,0.01640399917960167,0.028379999101161957,0.14066100120544434,0.2095929980278015,0.3603860139846802,0.0003420000139158219,0.012457000091671944,0.015716999769210815,0.007387999910861254,0.00837200041860342,0.030520999804139137,0.011114999651908875,0.0580269992351532,0.03114200010895729,0.013539999723434448,0.03927699849009514,0.016668999567627907,0.7554259896278381,0.012799999676644802,0.23177200555801392,0.012724,0.000582,0.008496,0.009204,0.84
"Austria",,2024,1.3750094604492187,3.587413787841797,27.043810729980468,29.015399169921878,30.014480590820312,0.8818256950378418,0.6909891700744628,2.1908473205566406,4.529463043212891,0.787429428100586,2.443542537689209,1.4487872314453125,5.782007217407227,3.1852993774414062,5.466900634765625,4.130348472595215,2.5172861099243167,91.03611755371094,1.5728139877319336,32.481910705566406,125.0908432006836,25,72,23,28,0.010991999879479408,0.02867799997329712,0.21619300544261932,0.23195399343967438,0.23994100093841553,0.0070489998906850815,0.0055229999125003815,0.017513999715447426,0.036208998411893845,0.0062939999625086784,0.019533999264240265,0.011580999940633774,0.04622200131416321,0.025462999939918518,0.043703000992536545,0.033018000423908234,0.02012299932539463,0.7277600169181824,0.0125730000436306,0.25966599583625793,0.009541,0.000445,0.007409,0.007164,0.8133333333333334
"Ukraine",,2024,0.07001704216003418,2.473951721191406,1.7270767021179199,5.291799545288086,0.10854010581970215,23.786141967773435,0.23032968521118163,6.29491470336914,0.40799105644226075,1.4427334785461428,0.11978869915008544,7.856224365234375,0.26933128833770753,0.7690233612060547,3.263910217285156,0,2.4505575180053714,9.671384811401367,24.01647186279297,22.874473571777344,56.56232833862305,68,22,31,43,0.0012369999894872308,0.043738000094890594,0.03053399920463562,0.0935560017824173,0.0019180000526830554,0.42052900791168213,0.004071999806910753,0.11129099875688553,0.0072130002081394196,0.025505999103188515,0.0021170000545680523,0.1388940066099167,0.0047610001638531685,0.013596000149846077,0.057704001665115356,0,0.043324001133441925,0.17098599672317505,0.4246009886264801,0.4044109880924225,0.001014,0.006793,0.005218,0.003239,0.7133333333333334
"Nigeria",,2024,8.827627563476563,5.265144653320312,0.2411706519126892,1.3671831130981447,1.9404333114624024,1.0832041454315184,1.151648597717285,1.5740502548217772,0.09913448810577392,0.204316782951355,0,0.9616088104248047,0.006456500291824341,1.0922081756591797,0,0,2.334537696838379,17.641559600830078,2.2348520755767822,6.272312164306641,26.148725509643555,53,67,66,58,0.3375929892063141,0.20135299861431122,0.009223000146448612,0.05228399857878685,0.07420700043439865,0.04142399877309799,0.04404199868440628,0.06019600108265877,0.003790999995544553,0.007813000120222569,0,0.03677399829030037,0.0002460000105202198,0.04176900163292885,0,0,0.08927900344133377,0.6746619939804077,0.08546599745750427,0.23986999690532684,0.001849,0.000632,0.001431,0.001498,0.6133333333333333
"Egypt",,2024,1.3153274536132813,1.989048614501953,3.416545143127441,10.841565704345705,1.0524457931518556,2.249079551696777,36.79242919921875,0.6475411605834961,2.3500572967529294,0.6199821472167969,0,2.601260070800781,0.037126651406288146,4.052741394042969,5.572870483398438,0,2.2413833618164065,18.614933013916016,39.04151153564453,18.122962951660156,75.77940368652344,51,16,39,35,0.017356999218463898,0.026247000321745872,0.04508500173687935,0.14306700229644775,0.013887999579310417,0.02967900037765503,0.48552000522613525,0.008545000106096268,0.031011000275611877,0.008181000128388405,0,0.03432599827647209,0.0004889999981969595,0.05347999930381775,0.07354000210762024,0,0.029577000066637993,0.24564599990844727,0.5151990056037903,0.23915399610996246,0.001951,0.011043,0.004134,0.00434,0.7666666666666667
"Kazakhstan",,2024,8.28224609375,6.267678680419921,2.3684230041503906,3.2858554840087892,1.9094530105590821,0.3349241995811462,0.46065937042236327,4.703747406005859,0.7191743659973144,0.832654094696045,0.06343884050846099,1.6508699035644532,0.10418235063552857,0.3902749252319336,2.6836636352539065,0.07009985208511353,2.110894775390625,22.11365509033203,0.7955830097198486,13.329000473022461,36.23823928833008,47,85,47,54,0.22854900360107422,0.17295700311660767,0.06535699963569641,0.09067299962043762,0.05269100144505501,0.009242000058293343,0.012710999697446823,0.1298000067472458,0.01984499953687191,0.02297700010240078,0.0017500000540167093,0.045556001365184784,0.002873999997973442,0.01076900027692318,0.0740559995174408,0.0019340000580996275,0.05824999883770943,0.6102290153503418,0.021953999996185303,0.3678149878978729,0.002318,0.000225,0.00304,0.002075,0.64
"Chile",,2024,0.30594711303710936,7.641000366210937,2.719651794433594,3.08010311126709,15.070628356933595,0.03179654985666275,20.34421691894531,2.069662628173828,0.588105583190918,0.4969189643859864,0,4.134297180175781,0.30870668888092045,1.8916732788085937,1.137122802734375,0.06537594139575958,2.014267730712891,28.817331314086914,20.376012802124023,12.706130027770996,61.89947509765625,44,25,48,40,0.004941999912261963,0.12344200164079666,0.043935999274253845,0.04975900053977966,0.2434689998626709,0.0005130000063218176,0.32866498827934265,0.033434998244047165,0.009499999694526196,0.008027000352740288,0,0.06678999960422516,0.004987000022083521,0.030559999868273735,0.018370000645518303,0.0010560000082477927,0.03254000097513199,0.4655500054359436,0.32917898893356323,0.20527000725269318,0.00302,0.005763,0.002898,0.003545,0.7333333333333333
"Switzerland",,2024,1.0959767150878907,13.136759948730468,45.19213439941406,54.653857421875,87.61494750976563,0.5405421495437622,0,3.1414606475830076,1.8228120803833008,1.0849058151245117,4.304119262695313,2.018335876464844,7.8661239624023445,5.675020141601562,4.1611083984375,5.32440170288086,1.9683292388916016,201.6936798095703,0.5405420064926147,37.366615295410156,239.600830078125,12,99,20,15,0.0045739999040961266,0.0548270009458065,0.18861399590969086,0.22810299694538116,0.36566999554634094,0.0022559999488294125,0,0.013110999949276447,0.007606999948620796,0.004526999779045582,0.017962999641895294,0.008422999642789364,0.032829999923706055,0.023685000836849213,0.01736599951982498,0.022221000865101814,0.008214999921619892,0.8417900204658508,0.0022559999488294125,0.15595300495624542,0.02114,0.000153,0.008523,0.013722,0.9
"Philippines",,2024,0.14827743530273438,1.4651602935791015,9.186668701171875,15.583976745605469,7.5002693176269535,0.023317470252513885,17.271229248046875,0.24551605224609374,0.788818302154541,0.5324749946594238,0.438095326423645,2.1555522155761717,0.06742215156555176,0.43165199279785155,0.8842196655273438,0,1.9213024139404298,33.88435363769531,17.294546127319336,7.465053081512451,58.643951416015625,40,27,58,42,0.0025279999244958162,0.024983000010252,0.15665100514888763,0.26573801040649414,0.12789499759674072,0.0003969999961555004,0.29450899362564087,0.00418600020930171,0.013450000435113907,0.009078999981284142,0.007470000069588423,0.0367560014128685,0.0011490000179037452,0.007360000163316727,0.015076999552547932,0,0.03276199847459793,0.577796995639801,0.29490700364112854,0.12729400396347046,0.003551,0.004892,0.001703,0.003359,0.72
"United Arab Emirates",,2024,32.80241455078125,32.09120727539062,24.9931494140625,53.82752075195313,28.805816650390625,0.8055138874053954,8.723409118652343,5.914792327880859,4.437753295898437,0.19069944620132448,6.893173141479492,4.435228271484375,0.29539995193481444,1.5653851318359375,7.537939453125,4.361800498962403,1.9034475326538087,172.52011108398438,9.528922080993652,37.53561782836914,219.58465576171875,16,39,19,19,0.14938299357891083,0.14614500105381012,0.11382000148296356,0.24513299763202667,0.13118299841880798,0.003667999990284443,0.039726000279188156,0.026936000213027,0.020208999514579773,0.0008679999737069011,0.031390998512506485,0.020198000594973564,0.001344999996945262,0.007127999793738127,0.034327998757362366,0.019863000139594078,0.008667999878525734,0.785664975643158,0.04339500144124031,0.17093899846076965,0.018082,0.002695,0.008562,0.012576,0.8733333333333333
"Portugal",,2024,0.98993896484375,2.0565380859375,9.957052688598633,18.08447723388672,7.584751129150391,1.7657712364196776,5.807815704345703,1.261087417602539,4.183748474121094,0.8719707489013673,0.8104476070404052,2.048888397216797,0.6276726722717285,3.1465823364257814,3.2030145263671876,1.115841293334961,1.802375602722168,38.67275619506836,7.5735859870910645,19.07162857055664,65.3179702758789,38,45,37,37,0.015154999680817127,0.031484998762607574,0.15243899822235107,0.27686798572540283,0.11612000316381454,0.027032999321818352,0.08891600370407104,0.0193060003221035,0.06405200064182281,0.013349000364542007,0.012407000176608562,0.03136700019240379,0.009608999826014042,0.048172999173402786,0.04903699830174446,0.017083000391721725,0.02759299986064434,0.5920689702033997,0.11594899743795395,0.2919810116291046,0.004053,0.002142,0.00435,0.003741,0.7533333333333333
"Belgium",,2024,9.241934204101563,12.6719970703125,41.46401184082031,47.358743286132814,63.83775634765625,1.0810843849182128,3.7100619506835937,2.5273271942138673,1.4630112075805664,1.4586689949035645,3.4487357711791993,2.9681124877929688,8.208126068115234,4.110373840332032,3.577178955078125,5.935399932861329,1.7817098617553713,174.57444763183594,4.7911458015441895,35.47864532470703,214.84423828125,15,53,22,20,0.04301600158214569,0.0589819997549057,0.19299499690532684,0.22043199837207794,0.29713499546051025,0.005030999891459942,0.017268000170588493,0.011762999929487705,0.006808999925851822,0.0067889997735619545,0.0160520002245903,0.013814999721944332,0.03820500150322914,0.019130999222397804,0.01665000058710575,0.027626000344753265,0.008293000049889088,0.8125619888305664,0.022299999371170998,0.16513599455356598,0.018297,0.001355,0.008093,0.012305,0.8666666666666667
"Myanmar",,2024,0.47209686279296875,0.7193037986755371,1.093084545135498,0.6478994846343995,0,0,13.406946716308592,0.07804718971252442,0.2024470567703247,0.13503750562667846,0,0.5048395538330078,0.0250606507062912,0.06502116203308106,0.02721292018890381,0,1.6811050415039064,2.932384967803955,13.406946182250977,2.718770980834961,19.058103561401367,99,30,99,68,0.02477099932730198,0.037742000073194504,0.05735500156879425,0.03399600088596344,0,0,0.7034770250320435,0.004095000214874744,0.010622000321745872,0.007085000164806843,0,0.026489000767469406,0.0013139999937266111,0.003410999896004796,0.0014270000392571092,0,0.08820900321006775,0.1538649946451187,0.7034770250320435,0.14265599846839905,0.000307,0.003792,0.00062,0.001091,0.5466666666666666
"Greece",,2024,3.1800125122070315,3.3312698364257813,3.1626418304443358,17.180421447753908,2.3426258087158205,3.6672078323364254,18.932982788085937,1.688396759033203,5.161296844482422,1.1074725151062013,1.4743619728088377,2.0300770568847657,0.30955085754394535,2.3113555908203125,1.7187423706054688,0.7050481796264649,1.674427604675293,29.196971893310547,22.600191116333008,18.180728912353516,69.97789001464844,43,24,38,36,0.04544299840927124,0.047603998333215714,0.045194000005722046,0.245511993765831,0.03347599878907204,0.05240499973297119,0.2705560028553009,0.024126999080181122,0.07375600188970566,0.015825999900698662,0.021067999303340912,0.029009999707341194,0.004422999918460846,0.03302900120615959,0.024560999125242233,0.010075000114738941,0.023926999419927597,0.4172309935092926,0.3229610025882721,0.2598060071468353,0.00306,0.006392,0.004147,0.004008,0.76
"Iraq",,2024,16.004205322265626,10.284107666015625,0.07195185005664825,3.889048767089844,0.3952713966369629,0,2.7639566802978512,0.446317663192749,0.14820563793182373,0.145415198802948,0,2.107163391113281,0.00788699984550476,1.0264481353759767,1.743492431640625,0,1.6129531860351562,30.64458465576172,2.763956069946289,7.237882137298584,40.64642333984375,41,61,61,51,0.39374199509620667,0.253013014793396,0.001769999973475933,0.09567900002002716,0.009723999537527561,0,0.06799899786710739,0.010979999788105488,0.0036460000555962324,0.003576999995857477,0,0.051840998232364655,0.0001939999929163605,0.025252999737858772,0.04289399832487106,0,0.03968200087547302,0.7539299726486206,0.06799899786710739,0.17806899547576904,0.003212,0.000782,0.001651,0.002328,0.66
"Ethiopia",,2024,0.0033748000860214233,0.29899123191833493,0.0794393116235733,2.3672864913940432,0,8.31799072265625,1.8426378250122069,1.3263078689575194,0.1698095369338989,0.5091152191162109,0.0007420049607753754,0.2516059112548828,0.0016143500804901125,0.9173899078369141,0.02730695962905884,0,1.5767428398132326,2.7490921020507812,10.160628318786621,4.780633926391602,17.69035530090332,104,37,76,70,0.0001900000061141327,0.01690099947154522,0.004490000195801258,0.13381700217723846,0,0.47019898891448975,0.10416000336408615,0.07497300207614899,0.009597999975085258,0.02877900004386902,0.00004099999932805076,0.014221999794244766,0.00009100000170292333,0.051858000457286835,0.0015429999912157655,0,0.08912999927997589,0.15539999306201935,0.5743589997291565,0.270238995552063,0.000288,0.002874,0.00109,0.001013,0.5333333333333333
"Peru",,2024,0.7680980682373048,5.202222747802734,0.852029914855957,1.8305793762207032,1.1958112716674805,0.5172246980667115,9.375758972167969,1.5340731811523436,0.3979566764831543,0.36773593425750734,0.23843447685241698,1.4439846801757812,0.0807483971118927,0.5050963973999023,0,0.0472986501455307,1.5629314422607423,9.848740577697754,9.892983436584473,6.17825984954834,25.919984817504883,65,38,68,59,0.02963300049304962,0.2007029950618744,0.032871000468730927,0.07062400132417679,0.04613399878144264,0.019953999668359756,0.361719012260437,0.0591839998960495,0.015352999791502953,0.014186999760568142,0.009197999723255634,0.055709000676870346,0.003114999970421195,0.019486000761389732,0,0.0018240000354126096,0.060297999531030655,0.37996700406074524,0.38167300820350647,0.2383580058813095,0.001032,0.002798,0.001409,0.001484,0.6066666666666667
"Algeria",,2024,9.253402099609374,5.232673187255859,0.41824449062347413,1.1925945281982422,0.3179308891296387,0.0021197700686752794,24.036419677734376,0.30030189514160155,0.3460835838317871,0.5032299995422364,0.0036782101169228554,0.9107315826416016,0.005695899948477745,0.8105482482910157,0.2321601676940918,0,1.561165523529053,16.414844512939453,24.038537979125977,4.673594951629639,45.12697982788086,54,21,78,49,0.20505200326442719,0.11595399677753448,0.009267999790608883,0.026427000761032104,0.007044999860227108,0.00004600000102072954,0.5326390266418457,0.006653999909758568,0.007668999955058098,0.011150999926030636,0.00008099999831756577,0.020181000232696533,0.00012599999899975955,0.01796099916100502,0.005144000053405762,0,0.03459399938583374,0.3637470006942749,0.5326859951019287,0.10356499999761581,0.00172,0.006799,0.001066,0.002585,0.6733333333333333
"Finland",,2024,1.4004548645019532,2.121338653564453,8.567021942138672,10.923184204101563,23.083609008789065,0.6656087493896484,0,0.4853776359558105,0.4036327743530273,0.1889381289482117,0.41671176910400387,1.0167709350585938,4.941862869262696,2.457062225341797,1.7180364990234376,3.345035438537598,1.4861559867858887,46.09560775756836,0.6656079888343811,16.459583282470703,63.220802307128906,35,94,43,39,0.022151000797748566,0.03355399891734123,0.13550899922847748,0.17277799546718597,0.36512601375579834,0.010528000071644783,0,0.007677000015974045,0.006384000182151794,0.0029879999347031116,0.0065910001285374165,0.016081999987363815,0.07816799730062485,0.038864001631736755,0.027174999937415123,0.05291000008583069,0.023507000878453255,0.7291200160980225,0.010528000071644783,0.26034998893737793,0.004831,0.000188,0.003755,0.003621,0.74
"Norway",,2024,21.575927734375,14.594367370605468,3.680718612670898,16.436941528320315,22.221658325195314,0.5744585752487182,5.116826477050781,1.073825912475586,0.9348309516906738,1.0729574203491212,0.4892099905014038,1.4335906982421875,1.8155420303344727,2.951518859863281,0.8520880889892578,3.306506385803223,1.4795528411865235,78.50961303710938,5.691285133361816,15.409623146057129,99.61051940917969,29,49,44,31,0.21660199761390686,0.14651399850845337,0.03695100173354149,0.16501200199127197,0.22308500111103058,0.0057669999077916145,0.051368001848459244,0.010780000127851963,0.00938399974256754,0.010770999826490879,0.004910999909043312,0.014391000382602215,0.018225999549031258,0.02962999977171421,0.008554000407457352,0.03319400176405907,0.014852999709546566,0.7881649732589722,0.057135000824928284,0.15469799935817719,0.008229,0.00161,0.003515,0.005705,0.7933333333333333
"Romania",,2024,0.953572998046875,2.1370877838134765,12.163250885009765,14.12928466796875,0.5385270118713379,1.9989462661743163,6.371246795654296,0.8837582015991211,0.3312627124786377,1.2248353958129883,0.6693617391586304,1.4351148986816407,0.23624210357666017,1.8272431945800782,2.2312530517578124,1.1554886627197267,1.3614258766174316,29.921722412109375,8.370192527770996,11.355984687805176,49.64789962768555,42,43,49,47,0.019206000491976738,0.04304400086402893,0.2449900060892105,0.2845889925956726,0.010846000164747238,0.040261998772621155,0.12832799553871155,0.017799999564886093,0.0066720000468194485,0.02466999925673008,0.01348199974745512,0.028905000537633896,0.004757999908179045,0.03680400177836418,0.0449410006403923,0.023273000493645668,0.027420999482274055,0.6026780009269714,0.1685909926891327,0.2287299931049347,0.003136,0.002367,0.00259,0.002843,0.6866666666666666
"Bangladesh",,2024,0.029886960983276367,0.25084324836730953,8.225200881958008,1.9809825897216797,0.04229550063610077,10.552232208251953,7.317351837158203,2.6116763305664064,0.05316528081893921,0.10923575162887574,0.0036782101169228554,2.175581359863281,0.004223249852657318,1.0190593719482421,0.1463673973083496,0,1.3545496940612793,10.52920913696289,17.869583129882812,7.477536201477051,35.8763313293457,64,26,57,55,0.0008329999982379377,0.006990999914705753,0.2292650043964386,0.055215999484062195,0.0011780000058934093,0.2941269874572754,0.20396000146865845,0.07279600203037262,0.0014809999847784638,0.003043999895453453,0.00010199999815085903,0.06064099818468094,0.00011700000322889537,0.028403999283909798,0.0040790000930428505,0,0.037755999714136124,0.29348599910736084,0.498088002204895,0.20842500030994415,0.001104,0.005054,0.001706,0.002055,0.6333333333333333
"Denmark",,2024,1.090613784790039,3.7975577545166015,14.61347396850586,37.041802978515626,26.032873535156252,2.100695457458496,9.013404235839843,0.9037055969238281,2.664239959716797,1.184756374359131,2.5435416412353513,1.3646218872070313,5.263160705566406,3.640152282714844,2.01327392578125,3.5625146484375003,1.2950374603271486,82.57632446289062,11.11409854888916,24.43500328063965,118.12542724609375,26,34,29,30,0.009232000447809696,0.03214799985289574,0.123710997402668,0.3135800063610077,0.22038300335407257,0.017782999202609062,0.07630299776792526,0.0076500000432133675,0.022554000839591026,0.010029000230133533,0.021531999111175537,0.011552000418305397,0.044555000960826874,0.03081499971449375,0.01704300008714199,0.03015800006687641,0.010963000357151031,0.6990560293197632,0.09408699721097946,0.20685599744319916,0.008655,0.003144,0.005574,0.006765,0.8
"Paraguay",,2024,0.29710376739501954,1.0081481552124023,0.2578439712524414,0.7881233215332032,0.21806941032409669,0.027557010054588316,0,0.2116979169845581,0.13622607707977294,0.347309684753418,0.02374195396900177,0.46999202728271483,1.5305837631225587,0.042707080841064456,0,0.014780815392732622,1.2664759635925293,2.5692880153656006,0.027557000517845154,4.043515205383301,6.6403608322143555,106,119,81,101,0.044741999357938766,0.15182100236415863,0.03882899880409241,0.1186859980225563,0.03283900022506714,0.004149000160396099,0,0.03187999874353409,0.020514000207185745,0.05230199918150902,0.0035749999806284904,0.0707779973745346,0.23049700260162354,0.006430999841541052,0,0.0022249999456107616,0.1907230019569397,0.3869200050830841,0.004149000160396099,0.6089299917221069,0.000269,0.000008,0.000922,0.00038,0.32666666666666666
"Uzbekistan",,2024,0.2075859260559082,1.3561943435668944,1.1385630512237548,1.6405635833740235,0.02307029962539673,0,0.9213188552856445,1.4545541381835938,1.0447152328491212,1.4444503784179688,0.33464722394943236,0.7991842651367188,0.06663914918899537,0.2151609992980957,0.3166695213317871,0,1.2590724945068361,4.365976810455322,0.921317994594574,6.935092926025391,12.222389221191406,87,81,63,83,0.0169840008020401,0.1109590008854866,0.09315299987792969,0.134225994348526,0.0018870000494644046,0,0.07537899911403656,0.11900699883699417,0.08547499775886536,0.11817999929189682,0.027379000559449196,0.06538599729537964,0.005452000070363283,0.01760300062596798,0.025908000767230988,0,0.10301300138235092,0.35721099376678467,0.07537899911403656,0.56740802526474,0.000458,0.000261,0.001582,0.0007,0.44666666666666666
"Turkmenistan",,2024,1.9494287109375001,1.2326632690429686,0.2680537462234497,1.1035869598388672,0,0,0.46065937042236327,0.24352154731750486,0.0025279200822114945,0.12683670520782472,0,0.09621323585510254,0.001714549958705902,0.0014777199923992157,0.0044275599718093875,0,1.1004258155822755,4.553731918334961,0.460658997297287,1.577144980430603,6.591536998748779,86,100,125,102,0.2957470118999481,0.18700599670410156,0.04066599905490875,0.16742399334907532,0,0,0.06988599896430969,0.03694399818778038,0.00038300000596791506,0.019241999834775925,0,0.01459600031375885,0.00026000000070780516,0.00022400000307243317,0.0006709999870508909,0,0.16694499552249908,0.6908450126647949,0.06988599896430969,0.2392680048942566,0.000477,0.00013,0.00036,0.000378,0.32
"New Zealand",,2024,0.09950160026550293,3.247250289916992,1.2691595077514648,4.971062469482423,1.9264812469482422,0.08267112135887146,3.019072494506836,1.742251510620117,0.26079133987426756,2.1234348297119143,0.7908975219726562,1.6293362426757814,1.7728395462036133,1.6794677734375,1.6291963195800783,1.6110115051269533,1.0707247734069825,11.513455390930176,3.10174298286438,14.309950828552246,28.92514991760254,63,58,46,56,0.0034390001092106104,0.11226300150156021,0.043877001851797104,0.1718589961528778,0.06660199910402298,0.002858000108972192,0.10437499731779099,0.06023300066590309,0.009015999734401703,0.0734110027551651,0.027341999113559723,0.05632900074124336,0.06128999963402748,0.05806199833750725,0.05632400140166283,0.055695001035928726,0.03701699897646904,0.3980430066585541,0.10723300278186798,0.49472299218177795,0.001207,0.000877,0.003264,0.001657,0.6266666666666667
"Laos",,2024,0.33280967712402343,0.5318867683410644,0.34243595123291015,0.4275081157684326,0.010436499863862992,0,0,0.05889737963676452,0.35425171852111814,0.11344352960586548,0,0.20988296508789062,0.0016141999512910843,0.03191947937011719,0.03576724052429199,0,1.047218704223633,1.6450769901275635,0,1.8529950380325317,3.4980719089508057,118,125,116,125,0.0951400026679039,0.15205100178718567,0.09789200127124786,0.1222120001912117,0.002982999896630645,0,0,0.016837000846862793,0.10126999765634537,0.032430000603199005,0,0.059999000281095505,0.00046099998871795833,0.009123999625444412,0.010223999619483948,0,0.2993699908256531,0.4702810049057007,0,0.5297179818153381,0.000172,0,0.000423,0.0002,0.16666666666666666
"Angola",,2024,5.41196044921875,3.664770812988281,0.11925413489341735,0.007323999702930451,0.5813718795776367,0,2.533626937866211,0.8160389328002929,0.020969969630241392,0.17076334953308106,0.0009089550375938415,0.2446073532104492,0.0024690000340342523,0.03073728084564209,0.0022801199555397035,0,1.0067648887634277,9.78468132019043,2.5336270332336426,2.2955400943756104,14.613847732543945,66,64,105,79,0.37033000588417053,0.25077301263809204,0.0081599997356534,0.0005009999731555581,0.039781998842954636,0,0.17337100207805634,0.05584000051021576,0.001433999976143241,0.01168499980121851,0.00006199999916134402,0.01673799939453602,0.00016799999866634607,0.002102999947965145,0.000155999994603917,0,0.0688909962773323,0.669547975063324,0.17337100207805634,0.15707899630069733,0.001026,0.000717,0.000524,0.000837,0.47333333333333333
"Ecuador",,2024,1.9539591979980468,3.1268893432617184,0.3016001772880554,1.0001519203186036,0,0.021197700351476667,2.5584132385253904,0.9844429779052734,0.2248360776901245,0.7993466377258301,0.013256234675645828,0.7400564575195313,0.021173250675201417,0.46194599151611326,0.43217212677001954,0.052722530961036684,0.9732051849365235,6.382599830627441,2.5796101093292236,4.7031569480896,13.665369033813477,77,63,77,80,0.142985999584198,0.22881799936294556,0.02206999994814396,0.07318799942731857,0,0.0015510000521317124,0.18721799552440643,0.07203900068998337,0.01645199954509735,0.058494001626968384,0.0009699999936856329,0.05415499955415726,0.0015490000369027257,0.03380399942398071,0.03162499889731407,0.0038580000400543213,0.07121600210666656,0.4670630097389221,0.18876899778842926,0.34416601061820984,0.000669,0.00073,0.001073,0.000783,0.4666666666666667
"Czech Republic",,2024,0.8677851867675781,2.4149498748779297,36.17705291748047,12.81878662109375,7.604635620117188,1.3969306755065918,0,0.6790564155578613,1.9186658477783203,0.8442417144775392,4.378574295043945,1.3040414428710938,1.4985648155212403,2.5296199035644533,3.4245870971679686,1.708801326751709,0.970700740814209,59.883209228515625,1.3969299793243408,19.256853103637695,80.53699493408203,33,74,35,33,0.010773999616503716,0.02998499944806099,0.449196994304657,0.15916599333286285,0.09442400187253952,0.017345000058412552,0,0.00843099970370531,0.023823000490665436,0.010482000187039375,0.05436699837446213,0.01619100011885166,0.01860699988901615,0.03140899911522865,0.042520999908447266,0.021216999739408493,0.012051999568939209,0.7435489892959595,0.017345000058412552,0.2391050010919571,0.006276,0.000395,0.004393,0.004613,0.78
"Tanzania",,2024,0.09875687599182129,0.6425883865356445,0.11381903529167176,2.016170120239258,0,2.630638847351074,0.46065937042236327,0.5150271606445312,0.28459261894226073,0.1632410526275635,0,0.14499287605285646,0.003429049998521805,0.27264564514160156,0.0773225212097168,0,0.9560354232788086,2.8713340759277344,3.0912981033325195,2.417285919189453,8.379919052124023,101,59,104,98,0.01178400032222271,0.07668100297451019,0.013581999577581882,0.2405949980020523,0,0.3139210045337677,0.05497099831700325,0.061459001153707504,0.03396100178360939,0.01947999931871891,0,0.017302000895142555,0.0004090000002179295,0.03253500163555145,0.009227000176906586,0,0.11408600211143494,0.34264400601387024,0.36889299750328064,0.28846099972724915,0.000301,0.000874,0.000551,0.00048,0.3466666666666667
"Hungary",,2024,0.7245436859130859,2.0191941833496094,21.428734130859375,11.675001525878907,5.064154052734375,1.4160086059570312,0.23032968521118163,0.7345803451538085,2.039291610717773,2.0715097427368163,3.3110207748413085,1.430513916015625,1.7418647766113282,1.5055361938476564,2.5853326416015627,0.564384412765503,0.8928997993469239,40.91162872314453,1.6463379859924316,16.876934051513672,59.43490219116211,36,71,42,41,0.012190000154078007,0.033973000943660736,0.3605409860610962,0.19643299281597137,0.08520500361919403,0.023824000731110573,0.003874999936670065,0.01235899981111288,0.034311000257730484,0.034853000193834305,0.05570799857378006,0.02406799979507923,0.02930700033903122,0.02532999962568283,0.043497998267412186,0.00949500035494566,0.015022999607026577,0.6883429884910583,0.027698999270796776,0.28395599126815796,0.004288,0.000466,0.00385,0.003404,0.7266666666666667
"Sudan",,2024,0.07162303924560547,0.4910620880126953,0.01666511982679367,0.1266551971435547,0,0,0.9213188552856445,1.7237282180786133,0.10605362892150878,0.11515257358551026,0,0.3462715148925781,0.0048743501305580144,0.15531195640563966,0.2713193130493164,0,0.8772520065307617,0.7060049772262573,0.921317994594574,3.5999629497528076,5.227287769317627,135,82,86,112,0.01370100025087595,0.09394200146198273,0.0031880000606179237,0.024228999391198158,0,0,0.17625099420547485,0.3297550082206726,0.020287999883294106,0.022028999403119087,0,0.0662430003285408,0.0009319999953731894,0.029711000621318817,0.05190400034189224,0,0.167821004986763,0.13506099581718445,0.17625099420547485,0.6886860132217407,0.000074,0.000261,0.000821,0.000299,0.25333333333333335
"Israel",,2024,0.9719927978515626,1.0170160675048827,7.171020812988281,26.91358337402344,11.939437866210938,0,12.648533020019531,2.4625051116943357,0.47458385467529296,0.9802247047424317,1.4031776046752928,2.9325485229492188,7.5239402770996096,2.7013348388671874,0.8457996368408204,0.979479627609253,0.8676477432250977,48.0130500793457,12.648531913757324,21.171241760253906,81.83282470703125,34,31,33,32,0.011877000331878662,0.01242700032889843,0.0876300036907196,0.3288840055465698,0.14589999616146088,0,0.1545650064945221,0.030091000720858574,0.005799000151455402,0.011978000402450562,0.017146000638604164,0.03583500161767006,0.09194199740886688,0.03300999850034714,0.010335000231862068,0.011969000101089478,0.010602000169456005,0.5867210030555725,0.1545650064945221,0.2587130069732666,0.005032,0.003578,0.004829,0.004687,0.7866666666666666
"Ireland",,2024,0.18414960861206056,2.053553695678711,30.314767456054685,64.64882812500001,54.59173583984375,0.8224720573425293,0,1.0979029083251952,0.9933151245117187,0.9133588790893555,2.829109954833984,1.183005599975586,4.697322463989258,1.8946289062500001,1.7427412414550782,3.1795114898681645,0.8516380310058594,151.7930450439453,0.8224719762802124,19.38253402709961,171.998046875,18,83,34,22,0.001069999998435378,0.011939000338315964,0.17624999582767487,0.3758690059185028,0.31739699840545654,0.004780999850481749,0,0.006382999941706657,0.0057749999687075615,0.005309999920427799,0.016448000445961952,0.006878000218421221,0.027310000732541084,0.011014999821782112,0.010131999850273132,0.018485000357031822,0.004951000213623047,0.8825269937515259,0.004780999850481749,0.11269000172615051,0.015909,0.000233,0.004421,0.009851,0.8533333333333334
"Bolivia",,2024,0.40480918884277345,1.0276144409179686,0.06754148840904235,0.37932920455932617,0.12820500135421753,0.03179654985666275,1.151648597717285,0.2029840564727783,0.1590880823135376,0.21795711517333985,0.019242855459451674,0.6267721176147462,0.004978350177407265,0.04255931854248047,0,0.023197894096374513,0.8497751235961915,2.0074989795684814,1.1834449768066406,2.146554946899414,5.337499141693115,113,78,108,111,0.0758420005440712,0.19252699613571167,0.012653999961912632,0.07106799632310867,0.024018999189138412,0.005956999957561493,0.21576499938964844,0.03802900016307831,0.029805000871419907,0.040835000574588776,0.003604999976232648,0.1174279972910881,0.0009319999953731894,0.007973000407218933,0,0.004346000030636787,0.1592079997062683,0.3761120140552521,0.22172200679779053,0.4021640121936798,0.00021,0.000335,0.00049,0.000306,0.26
"Morocco",,2024,0.04669472217559815,1.0494855880737304,4.988403053283691,8.225443267822266,0.8872183799743653,3.5993751525878905,9.811632385253906,0.11634857654571533,2.289985427856445,0.475609827041626,0.30906809091567994,2.5465415954589843,0.041896799206733705,0.8839926147460938,1.6203727722167969,0,0.8190835952758789,15.197244644165039,13.411006927490234,9.102898597717285,37.711151123046875,55,29,52,52,0.0012379999971017241,0.0278290007263422,0.13227899372577667,0.21811600029468536,0.02352599985897541,0.09544499963521957,0.26017799973487854,0.0030849999748170376,0.06072400137782097,0.01261099986732006,0.008194999769330025,0.06752700358629227,0.0011099999537691474,0.023440999910235405,0.04296699911355972,0,0.02171899937093258,0.4029900133609772,0.3556239902973175,0.24138399958610535,0.001593,0.003793,0.002076,0.00216,0.6533333333333333
"Cyprus",,2024,0.29989383697509764,0.23816177845001218,0.4038514137268066,3.9731060028076173,3.355030059814453,0.004239540137350559,0,0.23982431888580322,0.6062375450134277,0.34620835781097414,0.06214126288890839,0.5172756958007813,0.8204793930053711,0.4066780090332031,0.6885877990722656,0.024758510589599613,0.10726227760314942,8.27004337310791,0.004238999914377928,3.819453001022339,12.093735694885254,71,124,82,84,0.024796999990940094,0.01969200000166893,0.033392999321222305,0.32852500677108765,0.27741798758506775,0.0003499999875202775,0,0.019829999655485153,0.05012800171971321,0.028627000749111176,0.0051380000077188015,0.042771998792886734,0.067842997610569,0.03362699970602989,0.05693700164556503,0.0020469999872148037,0.008868999779224396,0.6838279962539673,0.0003499999875202775,0.31582000851631165,0.000867,0,0.000871,0.000693,0.44
"Zambia",,2024,0.0496071195602417,0.9086224365234374,0.1876026678085327,0.2972188949584961,0.051743400096893315,1.9798683357238769,0.46065937042236327,0.23017848014831543,0.19902002334594726,0.2543234348297119,0.001591244973242283,0.14410479545593263,0.001714549958705902,0.11171819686889649,0,0,0.7863325119018555,1.4947940111160278,2.4405269622802734,1.7289830446243286,5.664305210113525,119,66,121,110,0.008756999857723713,0.16041100025177002,0.03311999887228012,0.05247199907898903,0.009134000167250633,0.3495340049266815,0.08132600039243698,0.04063599929213524,0.03513500094413757,0.044899001717567444,0.0002800000074785203,0.025439999997615814,0.0003020000003743917,0.01972300000488758,0,0,0.13882200419902802,0.26389700174331665,0.4308600127696991,0.3052409887313843,0.000157,0.00069,0.000394,0.000324,0.26666666666666666
"Kuwait",,2024,8.1746142578125,5.3142604064941406,4.714399566650391,3.6351726531982425,5.519957733154297,0,3.7024278259277343,2.738234710693359,0.016522409319877623,0.12610408067703247,0,0.6728192901611328,0.04358359873294831,0.3319036102294922,0.6163116073608399,0.17368917226791383,0.7795265197753907,27.3584041595459,3.7024269104003906,5.498694896697998,36.55952835083008,45,56,70,53,0.22359700500965118,0.14535899460315704,0.12895099818706512,0.09943100064992905,0.1509850025177002,0,0.10127100348472595,0.07489699870347977,0.000450999999884516,0.0034489999525249004,0,0.01840299926698208,0.0011919999960809946,0.009077999740839005,0.016857000067830086,0.004749999847263098,0.02132200077176094,0.7483239769935608,0.10127100348472595,0.1504029929637909,0.002867,0.001047,0.001254,0.002094,0.6466666666666666
"Mozambique",,2024,0.7392919921875,0.7815982818603515,0.05008031845092773,0.324212908744812,0.0007689999882131816,0,0,0.41624124526977535,0.19375800132751464,0.12212567329406739,0.0001486350002232939,0.17247531890869142,0.00023225001059472563,0.08068535804748535,0.05947212219238281,0,0.7795077323913575,1.8959519863128662,0,1.82464599609375,3.7205989360809326,115,125,117,123,0.19870199263095856,0.21007299423217773,0.013460000045597553,0.08713900297880173,0.00020599999697878957,0,0,0.11187399923801422,0.052076999098062515,0.03282399848103523,0.00003899999865097925,0.04635600000619888,0.00006199999916134402,0.021686000749468803,0.015984000638127327,0,0.20951099693775177,0.509581983089447,0,0.4904170036315918,0.000199,0,0.000416,0.000213,0.18
"Zimbabwe",,2024,0.05307568073272705,0.6431172752380371,0.09647783517837524,0.1343289017677307,0.08744739890098573,0.05299424886703491,0,0.5196913719177246,0.2525858116149902,0.12306920289993287,0,0.24360908508300783,0.00539890006184578,0.11969807624816894,0.044593281745910644,0,0.7405596733093263,1.0144469738006592,0.052994001656770706,2.0492050647735596,3.1166470050811768,130,116,110,131,0.01702900044620037,0.20634900033473969,0.03095499984920025,0.04309999942779541,0.028057999908924103,0.017002999782562256,0,0.16674600541591644,0.08104400336742401,0.039487000554800034,0,0.07816299796104431,0.0017320000333711505,0.038405999541282654,0.014307999983429909,0,0.2376140058040619,0.3254930078983307,0.017002999782562256,0.6575030088424683,0.000106,0.000015,0.000467,0.000178,0.12666666666666668
"Chad",,2024,0.4329828643798828,0.3668334102630615,0.01049751028418541,0.09534069895744324,0.08309410214424134,0.008479080274701118,0.6909891700744628,0.6844722175598145,0.015752670764923093,0.10168344974517823,0,0.13393207550048827,0.0040445499122142795,0.008866519927978515,0.11205080032348633,0,0.6466209888458252,0.9887480139732361,0.6994680166244507,1.7074229717254639,3.3956398963928223,131,90,122,127,0.12751099467277527,0.10802999883890152,0.003091000020503998,0.028077000752091408,0.024469999596476555,0.0024969999212771654,0.20349299907684326,0.20157299935817719,0.004639000166207552,0.029944999143481255,0,0.039441999047994614,0.0011909999884665012,0.0026110000908374786,0.03299799934029579,0,0.19042600691318512,0.2911809980869293,0.2059900015592575,0.5028280019760132,0.000104,0.000198,0.000389,0.000194,0.15333333333333332
"Kenya",,2024,0.045864319801330565,0.4761799335479736,0.3581905603408813,1.744740676879883,0.35769970417022706,6.013797225952148,0.6909891700744628,1.306655387878418,0.2750606918334961,1.1945597648620605,0.019516860544681547,6.13100830078125,0.03923569917678833,0.4963776779174805,0.47785465240478514,0,0.6322708129882812,2.982675075531006,6.7047858238220215,10.572540283203125,20.26000213623047,98,46,50,66,0.002263000002130866,0.023502999916672707,0.0176790002733469,0.08611699938774109,0.01765500009059906,0.29683101177215576,0.03410600125789642,0.06449399888515472,0.01357599999755621,0.05896100029349327,0.0009629999985918403,0.3026160001754761,0.0019359999569132924,0.02449999935925007,0.023585999384522438,0,0.031207000836730003,0.1472190022468567,0.330936998128891,0.5218420028686523,0.000313,0.001896,0.002412,0.00116,0.56
"Cambodia",,2024,0.003147279918193817,0.4519643497467041,2.6690497970581055,1.3507761001586915,0.16182169914245606,1.299421091079712,0,0.09420878648757934,0.8597693824768066,0.1133171558380127,0.10041129469871521,0.5462225723266602,0.029355901479721072,0.05822351932525635,0.03291820049285889,0,0.6136704444885255,4.636758804321289,1.299420952796936,2.448096990585327,8.38427734375,85,76,103,97,0.000375000003259629,0.05390600115060806,0.3183389902114868,0.16110800206661224,0.019300000742077827,0.15498299896717072,0,0.011235999874770641,0.10254500061273575,0.013515000231564045,0.011975999921560287,0.0651480033993721,0.003501000115647912,0.006943999789655209,0.003926000092178583,0,0.07319299876689911,0.5530300140380859,0.15498299896717072,0.29198598861694336,0.000486,0.000368,0.000558,0.00048,0.3466666666666667
"Serbia",,2024,0.3356492614746094,0.9719303512573242,3.2828356933593748,4.574216842651367,0.5491833209991456,0.5892969417572022,0,1.0365592575073241,0.3364657688140869,0.777052927017212,0.8116391086578368,1.5102632141113281,0.26306335926055907,0.9868443298339844,0.7327354431152344,0,0.6125782012939454,9.713814735412598,0.5892969965934753,7.067201137542725,17.37031364440918,67,97,62,72,0.01932300068438053,0.055952999740839005,0.1889909952878952,0.2633349895477295,0.03161599859595299,0.033925000578165054,0,0.05967399850487709,0.019370000809431076,0.04473400115966797,0.04672500118613243,0.08694499731063843,0.015143999829888344,0.05681199952960014,0.04218300059437752,0,0.0352649986743927,0.5592190027236938,0.033925000578165054,0.4068549871444702,0.001018,0.000167,0.001612,0.000995,0.52
"Oman",,2024,5.6157177734375,3.9814855957031248,2.9098079681396483,1.1729472160339356,0.6835404872894287,0,4.5286088562011715,2.848730163574219,0.4491991424560547,0.07085857391357422,0,0.547823829650879,0.008071000128984452,0.3020529556274414,0.20206531524658203,0,0.597321891784668,14.36349868774414,4.5286078453063965,5.026122093200684,23.918230056762695,58,54,74,62,0.23478800058364868,0.1664620041847229,0.12165600061416626,0.049038998782634735,0.028578000143170357,0,0.18933700025081635,0.11910200119018555,0.018780000507831573,0.0029619999695569277,0,0.02290399931371212,0.0003370000049471855,0.012628000229597092,0.008448000065982342,0,0.024972999468445778,0.6005250215530396,0.18933700025081635,0.2101369947195053,0.001505,0.001281,0.001146,0.00137,0.5866666666666667
"Bulgaria",,2024,0.8285368347167968,1.8812750244140624,4.269974098205566,4.930534744262696,0.4742597103118897,0.5892969417572022,2.788742980957031,0.2305090856552124,1.043353157043457,0.9254795074462892,0.4237505292892456,2.6826123046875,0.5098723411560059,0.49903762817382813,1.2295890045166016,0.35800722599029544,0.5726561546325684,12.3845796585083,3.3780388832092285,8.47486686706543,24.23748779296875,61,57,54,60,0.03418400138616562,0.07761800289154053,0.17617200314998627,0.20342500507831573,0.01956699974834919,0.024312999099493027,0.1150590032339096,0.009510000236332417,0.04304699972271919,0.038182999938726425,0.017482999712228775,0.1106799989938736,0.021036000922322273,0.02058899961411953,0.05073000118136406,0.014770000241696835,0.023625999689102173,0.5109670162200928,0.13937200605869293,0.3496589958667755,0.001298,0.000955,0.001933,0.001388,0.6
"Tajikistan",,2024,0.023735599517822267,0.19931267738342284,0.06638022065162659,0.07673959732055664,0.035484299063682556,0,0,0.34487019538879393,0.11656986236572266,0.41273250579833987,0,0.09823459625244141,0.0016245499253273012,0.02290515899658203,0.18136531829833985,0,0.5642846107482911,0.4016520082950592,0,1.7425860166549683,2.1442389488220215,145,125,120,144,0.011068999767303467,0.09295199811458588,0.030957000330090523,0.035787999629974365,0.016548000276088715,0,0,0.16083499789237976,0.054363999515771866,0.19248400628566742,0,0.045813001692295074,0.0007570000016130507,0.0106819998472929,0.08458200097084045,0,0.2631630003452301,0.18731699883937836,0,0.8126819729804993,0.000042,0,0.000397,0.000123,0.04
"Belarus",,2024,0.2579425621032715,1.4449628448486327,4.05719913482666,2.7457252502441407,0.1614922046661377,0,0.46065937042236327,1.3437685775756836,0.2801300811767578,0.194102680683136,0.06988635063171386,2.423045349121094,0.21351439952850343,0.16151851654052735,1.4063720703125,0,0.5401676177978516,8.667322158813477,0.460658997297287,6.632504940032959,15.760486602783203,69,100,65,75,0.01636599935591221,0.09168200194835663,0.25742799043655396,0.17421500384807587,0.01024600025266409,0,0.029227999970316887,0.08526100218296051,0.017774000763893127,0.012315000407397747,0.004433999769389629,0.1537410020828247,0.013546999543905258,0.010247999802231789,0.08923400193452835,0,0.034272998571395874,0.549938976764679,0.029227999970316887,0.42083099484443665,0.000908,0.00013,0.001513,0.000903,0.5
"Uruguay",,2024,0.0040835198760032655,0.734600887298584,0.27084689140319823,1.9999807357788086,0.6691490173339845,2.124012908935547,2.161178970336914,0.13550172328948973,0.6046608352661133,0.34000413417816167,0.11330851435661315,0.9470856475830078,0.140621554851532,0.2160476875305176,0.28413631439208986,0.10050974369049073,0.5240116119384766,3.6786611080169678,4.285191059112549,3.4058868885040283,11.369741439819336,88,55,87,86,0.0003589999978430569,0.06460999697446823,0.023821000009775162,0.17590300738811493,0.05885300040245056,0.18681199848651886,0.19008100032806396,0.011916999705135822,0.0531810000538826,0.029904000461101532,0.009964999742805958,0.08329799771308899,0.012368000112473965,0.019000999629497528,0.02498999983072281,0.008840000256896019,0.046087998896837234,0.32354798913002014,0.3768939971923828,0.29955700039863586,0.000386,0.001212,0.000777,0.000651,0.4266666666666667
"Nepal",,2024,0.000018159999744966625,0.04911120057106018,0.10050497889518738,0.5239819049835205,0,12.481225433349609,0,0.6052926635742187,0.15987642288208007,0.11697752475738527,0,0.534347038269043,0.0016141999512910843,0.2490015983581543,0.016183600425720215,0,0.500524377822876,0.6736159920692444,12.48122501373291,2.183816909790039,15.338659286499023,136,32,107,77,9.999999974752427e-7,0.003200999926775694,0.006552000064402819,0.03415999934077263,0,0.8137099742889404,0,0.03946100175380707,0.01042299997061491,0.007625999860465527,0,0.03483600169420242,0.0001049999991664663,0.01623300090432167,0.0010550000006332994,0,0.03263099864125252,0.0439159981906414,0.8137099742889404,0.1423729956150055,0.000071,0.00353,0.000498,0.000878,0.4866666666666667
"Qatar",,2024,13.589949951171874,8.40463165283203,1.6502438163757323,10.010646057128907,5.477771759033203,0.0021197700686752794,5.2723228454589846,1.4984977340698242,0.6390327072143555,0.25460832118988036,0,1.053301544189453,0.12913659811019898,0.5890328979492188,1.2039218139648438,1.4668258285522462,0.4880156993865967,39.133243560791016,5.274442195892334,7.322372913360596,51.73005676269531,37,51,60,45,0.26270800828933716,0.1624699980020523,0.03190099820494652,0.19351600110530853,0.10589099675416946,0.000039999998989515007,0.10191900283098221,0.028967000544071198,0.012353000231087208,0.004920999985188246,0,0.020361000671982765,0.002495999913662672,0.011385999619960785,0.023273000493645668,0.028355000540614128,0.009433000348508358,0.7564889788627625,0.10196000337600708,0.1415490061044693,0.004102,0.001492,0.00167,0.002963,0.7
"Sri Lanka",,2024,0.04857408046722412,0.40566547393798824,1.2476838111877442,1.7408050537109376,0.1713793992996216,0.631692452430725,0,0.043300888538360595,0.2344538640975952,0.09749317765235901,0,0.5010649871826172,0.05658385157585144,0.2646657943725586,0.10080803871154785,0,0.46027913093566897,3.614108085632324,0.6316919922828674,1.7586489915847778,6.004449844360352,89,96,118,106,0.00808900035917759,0.06756000220775604,0.2077929973602295,0.2899189889431,0.02854200080037117,0.10520400106906891,0,0.007211000192910433,0.03904600068926811,0.016235999763011932,0,0.08344800025224686,0.009422999806702137,0.044077999889850616,0.016788000240921974,0,0.07665599882602692,0.6019039750099182,0.10520400106906891,0.2928909957408905,0.000379,0.000179,0.000401,0.000344,0.29333333333333333
"Singapore",,2024,11.689783935546876,9.838656005859375,54.86823303222656,58.790356445312504,49.64463500976563,0,11.18422119140625,3.1833670806884764,1.0033614349365234,0.22646872997283937,4.25688045501709,3.0858367919921874,5.237226104736329,2.691286315917969,4.254858093261719,0,0.45697665214538574,184.8316650390625,11.184221267700195,24.39626121520996,220.41213989257812,14,33,30,18,0.053036000579595566,0.04463699832558632,0.24893400073051453,0.2667289972305298,0.2252350002527237,0,0.050742000341415405,0.014441999606788158,0.00455200020223856,0.0010270000202581286,0.01931300014257431,0.014000000432133675,0.023761000484228134,0.012210000306367874,0.019303999841213226,0,0.0020729999523609877,0.8385720252990723,0.050742000341415405,0.11068399995565414,0.019372,0.003163,0.005565,0.012623,0.88
"Mongolia",,2024,1.0625857543945312,1.4781614685058593,0.027745741009712218,0.5109876155853271,0.11249519586563111,1.888718032836914,0,0.02575586915016174,0.09365540742874146,0.2061645030975342,0,0.17654115676879883,0.006631200015544892,0.09014300346374512,0.2305559539794922,0,0.4555408477783203,3.1919751167297363,1.8887180089950562,1.2849880456924438,6.365682125091553,93,69,131,104,0.16692399978637695,0.23220700025558472,0.004358000122010708,0.08027199655771255,0.01767200045287609,0.2967030107975006,0,0.004046000074595213,0.014712000265717506,0.03238600119948387,0,0.027732999995350838,0.001041000010445714,0.014159999787807465,0.03621799871325493,0,0.07156100124120712,0.5014349818229675,0.2967030107975006,0.20186099410057068,0.000335,0.000534,0.000293,0.000365,0.30666666666666664
"Azerbaijan",,2024,4.616449890136719,3.1762644195556637,0.23383485317230224,2.025322723388672,3.15481071472168,0.004239540137350559,0.6909891700744628,0.31490607261657716,0.2210520029067993,0.9088084220886231,0.00574663482606411,0.869188232421875,0.027236300706863406,0.15575528144836426,0.45251338958740234,0.21605699777603152,0.4390923500061035,13.206682205200195,0.6952279806137085,3.6103549003601074,17.512266159057617,59,92,85,71,0.2636120021343231,0.1813730001449585,0.013352000154554844,0.11565099656581879,0.18014800548553467,0.00024199999461416155,0.03945700079202652,0.0179820004850626,0.012621999718248844,0.05189500004053116,0.0003279999946244061,0.049633000046014786,0.001554999966174364,0.008894000202417374,0.025838999077677727,0.012337000109255314,0.02507299929857254,0.7541379928588867,0.039698999375104904,0.2061610072851181,0.001384,0.000197,0.000824,0.001003,0.5266666666666666
"Libya",,2024,2.877232666015625,2.371212615966797,0.05426396906375885,0.11056350469589234,2.2285924911499024,0,0,1.0407772064208984,0.01765203058719635,0.10474287271499634,0,0.9595909881591798,0.0016141999512910843,0.06516895771026611,0,0,0.42792615890502933,7.641864776611328,0,2.617471933364868,10.25933837890625,74,125,100,90,0.2804499864578247,0.23112699389457703,0.005288999993354082,0.01077600009739399,0.21722500026226044,0,0,0.1014460027217865,0.00171999994199723,0.01020899973809719,0,0.0935330018401146,0.00015700000221841037,0.006351999938488007,0,0,0.04171000048518181,0.7448689937591553,0,0.25512999296188354,0.000801,0,0.000597,0.000588,0.4
"Guatemala",,2024,0.03761120080947876,0.7941290473937987,0.953792667388916,1.3656800270080567,0.39746849536895756,0.4218348741531372,0,0.10024317026138305,0.31849147796630856,0.3621613740921021,0.04413978070020676,0.43706981658935545,0.024252100288867953,0.04935696125030518,0.14065644264221192,0.00632666975259781,0.42707428932189945,3.5486810207366943,0.42183399200439453,1.9097720384597778,5.880288124084473,90,101,113,108,0.006395999807864428,0.1350490003824234,0.16220100224018097,0.232246994972229,0.06759300082921982,0.07173699885606766,0,0.01704699918627739,0.05416199937462807,0.06158899888396263,0.007505999878048897,0.0743269994854927,0.0041240002028644085,0.00839299988001585,0.02391899935901165,0.001075000036507845,0.07262799888849258,0.6034870147705078,0.07173699885606766,0.32477501034736633,0.000372,0.000119,0.000436,0.000337,0.28
"Croatia",,2024,0.5281441497802735,0.8699518203735351,2.4984068870544434,7.819602203369141,0.8945789337158203,0.6634889888763428,0,0.6652045440673828,1.9144506454467773,0.9679381370544434,0.5299355363845825,1.0159712219238282,0.23780219554901125,0.834192352294922,0.3680039978027344,0.3758063650131226,0.41756653785705566,12.610684394836426,0.6634889841079712,7.326870918273926,20.601045608520508,60,95,59,65,0.02563600055873394,0.04222799837589264,0.12127500027418137,0.3795729875564575,0.04342300072312355,0.03220599889755249,0,0.03228899836540222,0.09292899817228317,0.0469839982688427,0.02572299912571907,0.04931600019335747,0.011543000116944313,0.04049199819564819,0.017862999811768532,0.01824199967086315,0.02026900090277195,0.6121379733085632,0.03220599889755249,0.3556550145149231,0.001322,0.000188,0.001671,0.00118,0.5666666666666667
"Uganda",,2024,0.03541928052902222,0.4941720199584961,0.1788247847557068,0.6574075222015381,0.019225199520587922,16.390088195800782,0,2.154824981689453,0.20163432598114012,0.3208250761032105,0.0008689949847757816,0.2600130081176758,0.005315899848937988,0.3242192840576172,1.7225811767578125,0,0.4025755405426026,1.3850480318069458,16.390087127685547,5.392858028411865,23.16799545288086,125,28,71,63,0.0015279999934136868,0.02132900059223175,0.007718000095337629,0.02837499976158142,0.0008290000259876251,0.7074450254440308,0,0.09300799667835236,0.008702999912202358,0.01384699996560812,0.000037000001611886546,0.011222000233829021,0.00022899999748915434,0.013993999920785427,0.0743509978055954,0,0.017376000061631203,0.0597819983959198,0.7074450254440308,0.23277099430561066,0.000145,0.004636,0.00123,0.001327,0.58
"South Sudan",,2024,0.13302111625671387,0.08083451986312866,0.000636570006608963,0.2698694944381714,0,0,0,1.109678077697754,0,0.08863837718963624,0,0.3112571144104004,0.01579809933900833,0.006058760285377503,0,0,0.40155854225158694,0.4843609929084778,0,1.9329890012741089,2.417351007461548,142,125,112,142,0.05502700060606003,0.03343899920582771,0.0002629999944474548,0.11163800209760666,0,0,0,0.45904698967933655,0,0.036667000502347946,0,0.1287589967250824,0.006535000167787075,0.0025059999898076057,0,0,0.16611500084400177,0.2003680020570755,0,0.7996309995651245,0.000051,0,0.000441,0.000138,0.05333333333333334
"Slovakia",,2024,0.7302239227294922,1.1757003021240233,14.817540893554687,4.050794982910157,0.5561044216156006,0.877586088180542,0.46065937042236327,0.2470103645324707,0.687623348236084,0.2956498384475708,0.6866679954528808,0.9280660247802734,0.20137755870819093,0.7919285583496094,1.0713505554199219,0.3700068664550782,0.40088601112365724,21.330364227294922,1.3382450342178345,5.680566787719727,28.34917640686035,48,75,69,57,0.02575800009071827,0.041471999138593674,0.5226789712905884,0.14288899302482605,0.01961600035429001,0.030956000089645386,0.016248999163508415,0.00871300045400858,0.024255000054836273,0.01042800024151802,0.02422099933028221,0.032735999673604965,0.007102999836206436,0.0279339998960495,0.03779099881649017,0.01305100042372942,0.014140999875962734,0.7524150013923645,0.04720500111579895,0.20037800073623657,0.002236,0.000379,0.001296,0.001624,0.62
"Jordan",,2024,0.016267839670181274,0.32136600494384765,1.473199996948242,3.127183532714844,0.08184459805488586,0.05087447762489319,0.6909891700744628,4.360447998046875,0.8427411460876465,0.26546919345855713,0,0.5669726943969726,0.03517650067806244,0.8096616363525391,2.4945347595214846,0,0.3992285490036011,5.019862174987793,0.7418630123138428,9.774231910705566,15.535958290100098,83,87,51,76,0.0010470000561326742,0.020685000345110893,0.09482499957084656,0.20128600299358368,0.005268000066280365,0.0032740000169724226,0.04447599872946739,0.2806679904460907,0.05424400046467781,0.017086999490857124,0,0.03649400174617767,0.0022640000097453594,0.052115000784397125,0.16056500375270844,0,0.025697000324726105,0.32311201095581055,0.04775099828839302,0.6291360259056091,0.000526,0.00021,0.00223,0.00089,0.49333333333333335
"Syria",,2024,0.13657343864440918,0.42646768569946286,0.37910483837127684,0.12447999715805054,0.0005491999909281731,0,0.6909891700744628,1.0884600448608397,0.31801849365234375,0.11909472942352295,0,1.3694552612304687,0.012913599610328674,0.07920760154724121,0,0,0.39268624782562256,1.067175030708313,0.6909890174865723,3.379836082458496,5.138000011444092,128,93,88,113,0.02658100053668022,0.0830020010471344,0.0737840011715889,0.024227000772953033,0.00010599999950500205,0,0.13448600471019745,0.21184499561786652,0.06189500167965889,0.02317900024354458,0,0.2665340006351471,0.0025130000431090593,0.015416000038385391,0,0,0.07642699778079987,0.20770199596881866,0.13448600471019745,0.6578109860420227,0.000112,0.000195,0.000771,0.000294,0.24666666666666667
"Georgia",,2024,0.0291485595703125,0.22890665531158447,0.5905744886398315,2.282145118713379,0.3876910924911499,0,0,0.09891345262527465,0.7361568260192871,0.8666270256042481,0.017536725103855132,1.3317703247070314,0.03526504933834076,0.16033632278442383,1.6109400939941407,0,0.3844947814941406,3.518465995788574,0,5.242040157318115,8.760505676269531,91,125,72,94,0.003326999954879284,0.026128999888896942,0.06741300225257874,0.26050299406051636,0.04425400123000145,0,0,0.011289999820291996,0.08403100073337555,0.09892400354146957,0.002001000102609396,0.15201899409294128,0.004025000147521496,0.01830199919641018,0.18388600647449493,0,0.04388900101184845,0.4016279876232147,0,0.5983710289001465,0.000369,0,0.001196,0.000502,0.37333333333333335
"Dominican Republic",,2024,0.022765040397644043,0.49331840515136716,1.2105768013000489,4.166125869750977,0.14028940200805665,0,0,0.7582563972473144,1.2704973220825195,0.41775336265563967,1.4422436141967774,0.9327873229980469,0.008071000128984452,0.04329820156097412,3.5100588989257813,0.005912305191159249,0.378739595413208,6.033074855804443,0,8.767618179321289,14.800692558288574,79,125,53,78,0.0015379999531432986,0.033330000936985016,0.0817909985780716,0.281480997800827,0.009477999992668629,0,0,0.05123100057244301,0.08584000170230865,0.028224999085068703,0.09744399785995483,0.06302300095558167,0.0005450000171549618,0.0029249999206513166,0.2371550053358078,0.00039900001138448715,0.025589000433683395,0.40762099623680115,0,0.5923780202865601,0.000632,0,0.002,0.000848,0.48
"Côte d'Ivoire",,2024,0.5331439208984375,1.8374475860595703,0.2480220866203308,0.3201664924621582,0.18390330076217654,0.7122437810897827,0,3.226779327392578,0.22683863639831542,0.27224843502044677,0.0017659799940884112,0.1788275146484375,0.0016245000064373017,0.0786165189743042,0.27579444885253906,0,0.37206807136535647,3.122683048248291,0.7122430205345154,4.634562969207764,8.469491004943848,95,88,80,96,0.06294800341129303,0.216949000954628,0.029284000396728516,0.03780199959874153,0.021712999790906906,0.08409500122070312,0,0.3809880018234253,0.02678300067782402,0.03214399889111519,0.00020799999765586108,0.02111399918794632,0.00019099999917671084,0.009282000362873077,0.03256300091743469,0,0.04393000155687332,0.36869698762893677,0.08409500122070312,0.5472059845924377,0.000327,0.000201,0.001057,0.000485,0.36
"Lithuania",,2024,1.0880895996093751,1.5505339050292968,4.093983764648438,7.060000610351563,1.0695837020874024,0.1547433865070343,0,0.18227484226226806,0.3790364170074463,0.5615869522094726,0.3943105602264404,1.3770851135253908,0.13594640493392945,0.5593299865722656,0.5857905197143555,0.45008189678192145,0.3613555192947388,14.862191200256348,0.1547430008649826,4.98679780960083,20.003732681274414,56,112,75,67,0.05439399927854538,0.07751200348138809,0.20465999841690063,0.35293400287628174,0.05346899852156639,0.007734999991953373,0,0.009112000465393066,0.01894799992442131,0.028074000030755997,0.019711000844836235,0.06884100288152695,0.006796000059694052,0.02796100080013275,0.029284000396728516,0.022499000653624535,0.018063999712467194,0.7429699897766113,0.007734999991953373,0.2492929995059967,0.001558,0.000044,0.001138,0.001146,0.5533333333333333
"Panama",,2024,0.09607728004455567,1.264398078918457,0.46798650741577147,5.654742431640625,0.7416556835174561,0,0,0.3937620162963867,0.2953141593933105,0.25834572315216064,0.0017398349940776824,0.6889823913574219,0.023790049552917483,0.09472403526306153,0.39161788940429687,0,0.3581697940826416,8.224860191345215,0,2.5064449310302734,10.731306076049805,72,125,101,88,0.008952000178396702,0.11782299727201462,0.043609000742435455,0.5269380211830139,0.06911099702119827,0,0,0.036692000925540924,0.027518000453710556,0.024073999375104904,0.00016199999663513154,0.06420300155878067,0.002216000109910965,0.008825999684631824,0.03649299964308739,0,0.033376000821590424,0.766435980796814,0,0.23356300592422485,0.000862,0,0.000572,0.000615,0.41333333333333333
"Burkina Faso",,2024,0.004290159940719605,0.41428799629211427,0.0383122792840004,0.16723740100860596,0.04350399971008301,0.02967678129673004,0,0.905983715057373,0.021779519319534302,0.13434280157089235,0.00008986500324681401,0.20399923324584962,0.0007809999864548446,0.093541841506958,0.2625116348266602,0,0.3367801666259766,0.6676309704780579,0.029675999656319618,1.9598089456558228,2.657118082046509,137,118,111,138,0.0016139999497681856,0.1559160053730011,0.014418000355362892,0.06293900310993195,0.01637200079858303,0.011168000288307667,0,0.3409639894962311,0.008196000009775162,0.05055899918079376,0.00003300000025774352,0.076774001121521,0.00029299999005161226,0.035204000771045685,0.09879499673843384,0,0.12674599885940552,0.25126099586486816,0.011168000288307667,0.7375689744949341,0.00007,0.000008,0.000447,0.000152,0.08
"Kyrgyzstan",,2024,0.05920216083526612,0.2578940963745117,0.10823535203933715,0.7482672214508057,0.0029660999774932862,0.010598850175738334,0,0.2487754440307617,1.2956956100463868,0.721984338760376,0.001473075058311224,0.20015880584716797,0.01650124937295914,0.04980031967163086,4.674838256835938,0,0.3315516710281372,1.1765650510787964,0.010598000138998032,7.540778160095215,8.72794246673584,126,122,56,95,0.006783000193536282,0.029548000544309616,0.012400999665260315,0.08573199808597565,0.0003389999910723418,0.001214000047184527,0,0.028503000736236572,0.1484529972076416,0.08272100239992142,0.00016799999866634607,0.022933000698685646,0.0018899999558925629,0.005704999901354313,0.5356169939041138,0,0.03798700124025345,0.13480399549007416,0.001214000047184527,0.8639810085296631,0.000123,0.000003,0.00172,0.0005,0.36666666666666664
"Papua New Guinea",,2024,1.018990478515625,1.0973226928710937,0.016787609606981276,0.041435098648071295,0.3381448984146118,0.004239540137350559,0,0.035674588680267336,0.012391800284385681,0.1316612958908081,0,0.1455134391784668,0.003685550019145012,0.023939599990844728,0,0,0.32495193481445317,2.5126800537109375,0.004238999914377928,0.6778180003166199,3.1947379112243652,107,124,144,128,0.31895801424980164,0.3434779942035675,0.005253999959677458,0.01296900026500225,0.10584399849176407,0.0013269999762997031,0,0.011165999807417393,0.003877999959513545,0.041211001574993134,0,0.0455470010638237,0.0011530000483617187,0.007493000011891127,0,0,0.10171400010585785,0.7865049839019775,0.0013269999762997031,0.21216699481010437,0.000263,0,0.000155,0.000183,0.14666666666666667
"Honduras",,2024,0.017220319509506227,0.6127888298034668,0.8157473945617676,1.199187183380127,0.344077205657959,0.025437238812446594,0.23032968521118163,0.045845639705657956,0.133861026763916,0.1751010537147522,0,0.4933270263671875,0.0016141999512910843,0.03398832082748413,0.15270631790161132,0.00632666975259781,0.3133842706680298,2.989021062850952,0.25576698780059814,1.356153964996338,4.600942134857178,97,106,129,115,0.003742000088095665,0.13318699598312378,0.17730000615119934,0.2606390118598938,0.07478400319814682,0.005528000183403492,0.050060998648405075,0.009964000433683395,0.029093999415636063,0.03805699944496155,0,0.10722299665212631,0.0003499999875202775,0.007387000136077404,0.03319000080227852,0.0013749999925494194,0.06811299920082092,0.649653971195221,0.05559000000357628,0.2947550117969513,0.000313,0.000072,0.000309,0.000264,0.23333333333333334
"Bosnia and Herzegovina",,2024,0.1372381591796875,0.22976556301116943,1.080018196105957,1.059720516204834,0.08942490220069886,0.006359309703111648,0,0.04440750002861023,0.18888752460479735,0.19480512142181397,0.08027815639972687,0.3840041732788086,0.02911539971828461,0.13757891654968263,0.39020614624023436,0,0.30890212059021,2.5961670875549316,0.006359000224620104,1.7581850290298462,4.360712051391602,105,123,119,118,0.031470999121665955,0.052689000964164734,0.2476699948310852,0.24301500618457794,0.0205060001462698,0.00145800004247576,0,0.01018300000578165,0.04331500083208084,0.04467200115323067,0.0184090007096529,0.08805900067090988,0.006676000077277422,0.03154899924993515,0.08948200196027756,0,0.07083699852228165,0.5953540205955505,0.00145800004247576,0.40318700671195984,0.000272,0.000002,0.000401,0.00025,0.21333333333333335
"Botswana",,2024,0.007560480237007141,0.5039039611816406,0.0590003103017807,0.20410349369049074,0.10063049793243409,0.006359309703111648,0.6909891700744628,0.13833672523498536,0.12365856170654296,0.32696750164031985,0.00807506985962391,0.20877016067504883,0.007121200114488602,0.08216312408447266,0.139373083114624,0,0.303901743888855,0.8751980066299438,0.6973479986190796,1.338366985321045,2.9109139442443848,133,91,130,134,0.0025969999842345715,0.17310799658298492,0.020268000662326813,0.07011599838733673,0.03457000106573105,0.0021840000990778208,0.23737800121307373,0.047522999346256256,0.04248100146651268,0.11232399940490723,0.002773999935016036,0.07171899825334549,0.002445999998599291,0.028224999085068703,0.04787899926304817,0,0.10440000146627426,0.30066099762916565,0.2395630031824112,0.45977500081062317,0.000092,0.000197,0.000305,0.000167,0.10666666666666667
"Guinea",,2024,0.08735312461853027,0.896967601776123,0.03650760054588318,0.045130899548530584,0.010656200349330902,0.019077930450439453,1.0488767623901367,0.14837133407592773,0.01328393965959549,0.12942235469818117,0,0.2731617546081543,0.0036072500050067903,0.01935855984687805,0.08515104293823242,0,0.3038533926010132,1.0766149759292603,1.0679539442062378,0.9762089848518372,3.1207799911499023,127,79,137,130,0.027990000322461128,0.2874169945716858,0.011698000133037567,0.014461000449955463,0.003413999918848276,0.006113000214099884,0.3360939919948578,0.0475430004298687,0.004255999810993671,0.041471000760793686,0,0.0875290036201477,0.0011549999471753836,0.006202999968081713,0.027285000309348106,0,0.09736400097608566,0.34498199820518494,0.34220701456069946,0.3128089904785156,0.000113,0.000302,0.000223,0.000179,0.13333333333333333
"Costa Rica",,2024,0.0008416000008583069,0.7060065078735351,1.6433763313293457,4.977297973632813,0.41405720710754396,0,0,0.6555318260192871,0.4337475872039795,0.26938393115997317,0.020910104513168333,0.8198860931396484,0.022913950681686404,0.14142107963562012,0.1757403564453125,0.008435594961047174,0.29795081615448,7.741579055786133,0,2.845921039581299,10.58750057220459,73,125,97,89,0.00007899999764049426,0.06668300181627274,0.1552180051803589,0.4701099991798401,0.039108000695705414,0,0,0.06191499903798103,0.04096699878573418,0.025443000718951225,0.001973999897018075,0.07743900269269943,0.0021639999467879534,0.013357000425457954,0.01659799925982952,0.0007960000075399876,0.028140999376773834,0.7311990261077881,0,0.2687999904155731,0.000811,0,0.000649,0.000606,0.4066666666666667
"Mali",,2024,0.006024479866027832,0.5263152694702148,0.041438879370689394,0.18599419593811037,0.038670200109481814,0,0,0.6051216316223145,0.06616124868392945,0.17039802074432375,0,0.2718648338317871,0.001614150032401085,0.04004712104797364,0.06582027912139893,0,0.2943470001220703,0.7984430193901062,0,1.515373945236206,2.313817024230957,134,125,126,143,0.0026030000299215317,0.22746600210666656,0.01790899969637394,0.08038400113582611,0.016712000593543053,0,0,0.2615250051021576,0.028593000024557114,0.07364299893379211,0,0.11749599874019623,0.0006970000104047358,0.01730700023472309,0.028446000069379807,0,0.12721200287342072,0.3450759947299957,0,0.6549230217933655,0.000084,0,0.000346,0.000133,0.04666666666666667
"Nicaragua",,2024,0.004912959933280945,0.4095899963378906,0.4661554384231567,0.5030570030212402,0.09326990246772766,0,0,0.050898871421813964,0.1712286043167114,0.1650446057319641,0,0.3017506790161133,0.003429099917411804,0.011378680467605592,0.20938047409057617,0,0.2767638921737671,1.476984977722168,0,1.1898750066757202,2.6668601036071777,120,125,134,137,0.0018420000560581684,0.15358500182628632,0.174795001745224,0.18863199651241302,0.03497299924492836,0,0,0.019084999337792397,0.06420599669218063,0.061886999756097794,0,0.11314799636602402,0.001285000005736947,0.004265999887138605,0.07851099967956543,0,0.10377799719572067,0.5538290143013,0,0.44617000222206116,0.000155,0,0.000271,0.000153,0.08666666666666667
"Tunisia",,2024,0.2899592781066895,0.4396363735198974,2.455715732574463,3.337050247192383,0.16346960067749025,1.8060469436645508,3.2246161651611325,0.07175901174545288,1.4773591232299803,0.48150057792663575,0.10633450269699096,0.7692977905273438,0.02571290135383606,0.8375911712646484,0.6093402099609375,0,0.27619657516479496,6.685831069946289,5.030663013458252,4.655090808868408,16.371585845947266,76,52,79,74,0.01771100051701069,0.02685300074517727,0.1499979943037033,0.2038310021162033,0.009983999654650688,0.1103150025010109,0.19696399569511414,0.0043830000795423985,0.09023900330066681,0.029410000890493393,0.00649499986320734,0.04698900133371353,0.0015699999639764428,0.05116099864244461,0.03721899911761284,0,0.01686999946832657,0.40838000178337097,0.3072800040245056,0.2843390107154846,0.000701,0.001423,0.001062,0.000938,0.5066666666666667
"Slovenia",,2024,0.7345030212402344,1.0335371017456054,7.709149703979492,4.144976043701172,1.0967187881469727,0.5638597297668457,0.23032968521118163,0.35012749671936033,0.7344224739074707,0.5182174682617188,0.43253371238708493,0.7956475830078125,0.43374638557434086,0.7712400054931641,0.49595520019531253,0.34516400814056397,0.2738475799560547,14.71888542175293,0.7941889762878418,5.150901794433594,20.663976669311523,57,86,73,64,0.035544998943805695,0.050016000866889954,0.37307101488113403,0.20058900117874146,0.05307300016283989,0.02728700079023838,0.011145999655127525,0.01694300025701523,0.035541001707315445,0.025078000500798225,0.020930999889969826,0.03850400075316429,0.020989999175071716,0.03732199966907501,0.024000000208616257,0.01670300029218197,0.013252000324428082,0.7122960090637207,0.038433000445365906,0.24926899373531342,0.001543,0.000225,0.001175,0.001183,0.5733333333333334
"Lebanon",,2024,0.026649041175842287,0.20662373542785645,0.38457839012145995,2.567019462585449,1.6261276245117189,0,0,2.15990478515625,0.26267663955688475,0.12363587617874146,0.5423134803771973,1.6843673706054687,0.04744994938373566,0.6595217895507812,2.19313720703125,0,0.26823322772979735,4.81099796295166,0,7.941239833831787,12.752238273620605,84,125,55,82,0.0020890000741928816,0.01620200090110302,0.030156999826431274,0.20129899680614471,0.1275169998407364,0,0,0.1693740040063858,0.020597999915480614,0.009695000015199184,0.0425259992480278,0.13208399713039398,0.003719999920576811,0.05171800032258034,0.17197999358177185,0,0.021034000441432,0.377265989780426,0,0.6227329969406128,0.000504,0,0.001811,0.00073,0.4533333333333333
"Niger",,2024,0.01621664047241211,0.08737446069717407,0.01490858942270279,0.10043330192565919,0.04899689853191376,0.019077930450439453,0.6909891700744628,0.4304081153869629,0.037128721475601194,0.1104544758796692,0.0000018899999849963933,0.2779439926147461,0.0017395000904798508,0.022314081192016604,0.30429288864135745,0,0.26743640899658205,0.2679300010204315,0.7100669741630554,1.4517199993133545,2.4297170639038086,147,89,127,140,0.006674000062048435,0.03596000000834465,0.006134999915957451,0.04133500158786774,0.02016500011086464,0.00785099994391203,0.28439000248908997,0.17714299261569977,0.015281000174582005,0.045458998531103134,0,0.11439300328493118,0.0007149999728426337,0.009182999841868877,0.12523700296878815,0,0.11006800085306168,0.11027199774980545,0.29224199056625366,0.5974850058555603,0.000028,0.000201,0.000331,0.000139,0.06
"Cuba",,2024,0.007787680029869079,0.10678961992263794,0.05674086034297943,2.8209302902221682,0,0,0,0.00006230999948456883,0.3028484058380127,0.9998791694641114,0,0.5979151153564454,0.027441498637199403,0.11157044410705566,0.4179267883300781,0.19612788677215579,0.26660320758819583,2.992248058319092,0,2.9203739166259766,5.912622928619385,96,125,96,107,0.0013170000165700912,0.018061000853776932,0.009596000425517559,0.47710201144218445,0,0,0,0.000009999999747378752,0.05121999979019165,0.16910900175571442,0,0.10112500190734863,0.004641000181436539,0.018868999555706978,0.07068300247192383,0.03317100182175636,0.045090001076459885,0.506076991558075,0,0.49392199516296387,0.000314,0,0.000666,0.000339,0.2866666666666667
"Albania",,2024,0.06861536026000976,0.14195687770843504,0.45379268646240234,2.33004264831543,0.1525936007499695,0.3497625875473022,0,0.060673048496246336,1.3620351791381835,0.39582014083862305,0.1323852753639221,0.652740478515625,0.005013950169086456,0.064134521484375,0.12910619735717774,0,0.2661942720413208,3.147001028060913,0.3497619926929474,3.068103075027466,6.56486701965332,94,103,93,103,0.010451000183820724,0.021623000502586365,0.0691239982843399,0.3549259901046753,0.023243000730872154,0.05327700078487396,0,0.009242000058293343,0.2074729949235916,0.06029300019145012,0.02016500011086464,0.09942899644374847,0.00076299998909235,0.009769000113010406,0.019665999338030815,0,0.04054800048470497,0.47936999797821045,0.05327700078487396,0.4673509895801544,0.00033,0.000099,0.0007,0.000376,0.31333333333333335
"Bahrain",,2024,1.2522868347167968,1.736008071899414,1.1148583316802978,5.031641006469727,2.4243606567382816,0,1.509536247253418,0.8897555923461914,0.7822402381896972,0.5361360073089599,0,0.44044578552246094,0.004842599853873253,0.1035905647277832,0.35132030487060545,0,0.25508708953857423,11.559155464172363,1.5095360279083252,3.3634181022644043,16.432109832763672,62,73,89,73,0.07620900124311447,0.1056469976902008,0.06784600019454956,0.30620700120925903,0.14753800630569458,0,0.09186500310897827,0.05414700135588646,0.047603998333215714,0.03262700140476227,0,0.026802999898791313,0.00029399999766610563,0.006304000038653612,0.021379999816417694,0,0.015522999688982964,0.703449010848999,0.09186500310897827,0.2046850025653839,0.001212,0.000427,0.000767,0.000941,0.5133333333333333
"Somalia",,2024,0.00002991999965161085,0.07270541667938232,0.0014270399697124958,0.38013970851898193,0,0,0,0.06769811868667602,0,0.04499922394752503,0,0.15621855735778808,0,0.02423516035079956,0,0,0.251259446144104,0.45430201292037964,0,0.544409990310669,0.9987120032310486,143,125,149,149,0.000029999999242136255,0.07279899716377258,0.0014280000468716025,0.3806290030479431,0,0,0,0.06778500229120255,0,0.04505699872970581,0,0.15641899406909943,0,0.02426600083708763,0,0,0.2515830099582672,0.4548870027065277,0,0.5451120138168335,0.000048,0,0.000124,0.000057,0.006666666666666667
"Madagascar",,2024,0.005868480205535889,0.23651681900024413,0.13757904052734374,0.40122852325439456,0.1051347017288208,0,0,0.03425927996635437,0.04083627104759216,0.10129225254058838,0.000013095000176690518,0.07487899780273438,0.0023423999547958377,0.058223481178283694,0.04177340030670166,0,0.24757864475250246,0.8863270282745361,0,0.6011970043182373,1.4875249862670898,132,125,146,147,0.0039450000040233135,0.1589999943971634,0.09248799830675125,0.26972800493240356,0.07067699730396271,0,0,0.023031000047922134,0.027451999485492706,0.06809400022029877,0.000007999999979801942,0.05033700168132782,0.0015739999944344163,0.03914099931716919,0.028082000091671944,0,0.16643600165843964,0.5958399772644043,0,0.4041590094566345,0.000093,0,0.000137,0.000085,0.02
"Latvia",,2024,0.2715729522705078,0.7728784561157226,1.7234156799316405,2.6284235000610354,0.6925488948822022,0.3010077953338623,0,0.30156206130981444,0.18824456691741942,0.17960857152938844,0.42282394409179686,0.5025470733642579,0.06558334827423096,0.24752384185791015,0.6294889831542969,0.2972075700759888,0.2422637462615967,6.088839054107666,0.3010070025920868,3.076853036880493,9.466700553894043,78,105,90,92,0.028687000274658203,0.08164100348949432,0.18205000460147858,0.2776489853858948,0.07315599918365479,0.03179600089788437,0,0.03185499832034111,0.019883999601006508,0.01897200010716915,0.04466399922966957,0.053084999322891235,0.006926999893039465,0.026146000251173973,0.06649500131607056,0.03139499947428703,0.02559100091457367,0.6431840062141418,0.03179600089788437,0.3250179886817932,0.000638,0.000085,0.000702,0.000542,0.38666666666666666
"Senegal",,2024,0.2000212860107422,0.3824370574951172,0.2240792942047119,0.4867617130279541,0.12304160594940186,1.2845826816558839,0,0.3408599281311035,0.18315755367279052,0.16638050079345704,0.0003873150050640106,0.39197113037109377,0.008498950302600861,0.09797508239746094,1.6464250183105469,0,0.23272945880889895,1.416340947151184,1.2845820188522339,3.068384885787964,5.769308090209961,124,77,92,109,0.034669000655412674,0.06628800183534622,0.03883900120854378,0.08437000215053558,0.02132599987089634,0.2226569950580597,0,0.059080999344587326,0.03174600005149841,0.02883799932897091,0.0000670000008540228,0.06793999671936035,0.0014730000402778387,0.016982000321149826,0.28537601232528687,0,0.04033900052309036,0.24549500644207,0.2226569950580597,0.5318459868431091,0.000148,0.000363,0.0007,0.00033,0.2733333333333333
"Ghana",,2024,0.706622543334961,1.5636896896362305,0.1492914640903473,2.7960805892944336,0.207193398475647,5.3481884765625,0,0.5898218536376952,0.1717956018447876,0.15785237550735476,0.007911449745297432,0.47207935333251955,0.023634150624275208,0.49918540954589846,0.3057609558105469,0,0.2237212896347046,5.422876834869385,5.3481879234313965,2.4517619609832764,13.222827911376953,82,50,102,81,0.05343899875879288,0.11825600266456604,0.011289999820291996,0.2114579975605011,0.015668999403715134,0.40446600317955017,0,0.04460600018501282,0.012992000207304955,0.01193699985742569,0.000598000013269484,0.035700999200344086,0.0017869999865069985,0.03775100037455559,0.02312299981713295,0,0.016919000074267387,0.41011399030685425,0.40446600317955017,0.1854179948568344,0.000568,0.001513,0.000559,0.000757,0.46
"Afghanistan",,2024,0.017936639785766602,0.08280954122543335,0.006190020069479942,0.31621019840240483,0.018126599490642548,0,0,0.1677583837509155,0,0.10430840253829957,0.022069349884986877,0.5993106079101562,0.0018732499331235886,0.058666839599609374,0,0,0.21699762344360352,0.4412730038166046,0,1.1709840297698975,1.6122570037841797,144,125,135,146,0.011125000193715096,0.05136200040578842,0.0038389998953789473,0.1961279958486557,0.011242999695241451,0,0,0.10405100136995316,0,0.06469699740409851,0.013687999919056892,0.3717209994792938,0.0011609999928623438,0.03638799861073494,0,0,0.1345919966697693,0.27369800209999084,0,0.7263010144233704,0.000046,0,0.000267,0.000092,0.02666666666666667
"El Salvador",,2024,0.04384600162506103,0.17610155582427978,0.7296966361999512,1.6514348983764648,0.18895679712295532,0.11658752560615539,0,0.05183132886886597,0.3908615970611572,0.15012047290802003,0.04741078555583954,0.6930072021484375,0.0020801499485969543,0.017289719581604003,0.060189638137817386,0.00632666975259781,0.20960133075714113,2.7900359630584717,0.11658699810504913,1.6287189722061157,4.535342216491699,103,113,124,116,0.00966699980199337,0.03882800042629242,0.16089099645614624,0.36412501335144043,0.041662998497486115,0.02570600062608719,0,0.011428000405430794,0.08618099987506866,0.03310000151395798,0.010452999733388424,0.1528010070323944,0.0004579999949783087,0.00381199992261827,0.013271000236272812,0.0013940000208094716,0.0462150014936924,0.6151760220527649,0.02570600062608719,0.3591170012950897,0.000292,0.000033,0.000372,0.00026,0.22666666666666666
"Estonia",,2024,0.31417327880859375,0.6010243034362793,2.0403757095336914,4.086404800415039,1.560432243347168,0.1950191044807434,0,0.251063289642334,0.3818744659423828,0.17702522277832033,0.37484514713287354,0.44500625610351563,0.26862668991088867,0.41347564697265626,0.32481887817382815,0.23092477798461916,0.20760531425476075,8.602410316467285,0.19501900672912598,3.0752649307250977,11.872694969177246,70,110,91,85,0.026460999622941017,0.05062200129032135,0.17185400426387787,0.3441849946975708,0.1314300000667572,0.01642500050365925,0,0.021145999431610107,0.03216399997472763,0.014910000376403332,0.031571999192237854,0.037480998784303665,0.022624999284744263,0.034825000911951065,0.027357999235391617,0.019449999555945396,0.01748500019311905,0.7245540022850037,0.01642500050365925,0.25902000069618225,0.000902,0.000055,0.000701,0.00068,0.43333333333333335
"Armenia",,2024,0.012064880132675171,0.5570522117614746,0.4265901088714599,1.819013023376465,0.06789259910583496,0.12294683933258056,0.6909891700744628,0.23924208641052244,0.36516154289245606,0.5735116004943848,1.1276117420196532,0.6241635131835938,0.004842599853873253,0.14910539627075195,0.42864288330078126,0,0.2014082431793213,2.882612943649292,0.8139359951019287,3.713689088821411,7.410237789154053,100,84,83,99,0.0016280000563710928,0.07517299801111221,0.05756700038909912,0.2454719990491867,0.009162000380456448,0.01659099943935871,0.09324699640274048,0.03228500112891197,0.04927700012922287,0.07739400118589401,0.15216900408267975,0.0842289999127388,0.000653000024612993,0.020121000707149506,0.057844001799821854,0,0.02717900089919567,0.3890039920806885,0.10983899980783463,0.5011559724807739,0.000302,0.00023,0.000847,0.000424,0.34
"Namibia",,2024,0.05747623920440674,0.4513878536224365,0.13611653923988343,0.32045600414276126,0.07657139897346497,0.021197700351476667,0,0.13706525802612304,0.08655492067337035,0.12521907091140747,0.008552924841642379,0.10927592277526856,0.012433899939060212,0.05733684062957764,0.13680636405944824,0,0.179146146774292,1.0420080423355103,0.0211970005184412,0.8523910045623779,1.9155969619750977,129,120,141,145,0.030004000291228294,0.23563799262046814,0.07105600088834763,0.16728700697422028,0.03997199982404709,0.011064999736845493,0,0.07155200093984604,0.045184001326560974,0.06536799669265747,0.0044639999978244305,0.05704500153660774,0.006490000057965517,0.029930999502539635,0.07141699641942978,0,0.09351900219917297,0.5439590215682983,0.011064999736845493,0.44497400522232056,0.000109,0.000006,0.000194,0.00011,0.03333333333333333
"North Macedonia",,2024,0.07875728130340576,0.15243887901306152,1.1705921459197997,0.9267610549926758,0.02307029962539673,0.32644502878189086,0,0.16511979103088378,0.115729079246521,0.1510686755180359,0.048645223975181576,0.16199987411499023,0.03230074942111969,0.08585751533508301,0.3020392036437988,0,0.17303572893142702,2.351619005203247,0.3264450132846832,1.235795021057129,3.9138600826263428,109,104,132,120,0.020121999084949493,0.038947999477386475,0.2990880012512207,0.23678900301456451,0.005894000176340342,0.08340699970722198,0,0.042187999933958054,0.029569000005722046,0.03859800100326538,0.012427999638020992,0.041391000151634216,0.00825200043618679,0.021935999393463135,0.07717099785804749,0,0.044211000204086304,0.6008440256118774,0.08340699970722198,0.315748006105423,0.000246,0.000092,0.000282,0.000224,0.2
"Congo",,2024,0.9541653442382813,0.7715576362609863,0.06258051216602326,0.19747209548950195,0.020104099810123444,0.010598850175738334,0.23032968521118163,0.48713504791259765,0.019789890646934507,0.12541542053222657,0,0.3515826797485352,0.0016708500683307649,0.030441720485687256,0.03582267999649048,0,0.16796524524688722,2.0058789253234863,0.24092799425125122,1.2198230028152466,3.4666318893432617,114,108,133,126,0.27524200081825256,0.22256599366664886,0.018052000552415848,0.056963000446558,0.005799000151455402,0.003056999994441867,0.06644099950790405,0.14052100479602814,0.005708000157028437,0.03617699816823006,0,0.10141900181770325,0.00048099999548867345,0.008781000040471554,0.010332999750971794,0,0.04845200106501579,0.5786240100860596,0.06949900090694427,0.3518750071525574,0.00021,0.000068,0.000278,0.000199,0.16
"Yemen",,2024,0.005681440234184265,0.020168999433517455,0.006418799757957458,0.11341760158538819,0.07382500171661377,0,0,0.4751984596252441,0.05509943962097168,0.05521910190582276,0,0.7172283172607422,0.015430949628353119,0.16151851654052735,1.3053120422363282,0,0.16164517402648926,0.2195110023021698,0,2.9466519355773926,3.166163921356201,148,125,95,129,0.0017940000398084521,0.006370000075548887,0.00202700006775558,0.03582099825143814,0.023315999656915665,0,0,0.15008600056171417,0.017402000725269318,0.01744000054895878,0,0.22652900218963623,0.004873000085353851,0.051013000309467316,0.4122689962387085,0,0.0510529987514019,0.06932999938726425,0,0.9306690096855164,0.000023,0,0.000672,0.000181,0.14
"Malawi",,2024,1.5999999959603885e-7,0.08693279743194579,0.01252421960234642,0.15029100179672242,0.030320900678634646,2.473775539398193,0,0.23434919357299805,0.17012898445129393,0.11492942571640015,0.00012590999482199548,0.06379315853118897,0.005472499877214432,0.11733367919921875,0.014405920505523681,0,0.15701857805252076,0.2800689935684204,2.4737749099731445,0.8775569796562195,3.631402015686035,146,65,140,124,0,0.023939000442624092,0.003447999944910407,0.04138600081205368,0.008348999544978142,0.6812170147895813,0,0.06453400105237961,0.046849001199007034,0.031647998839616776,0.00003400000059627928,0.017566999420523643,0.0015059999423101544,0.03231000155210495,0.003967000171542168,0,0.04323900118470192,0.07712399959564209,0.6812170147895813,0.24165800213813782,0.000029,0.0007,0.0002,0.000208,0.17333333333333334
"Benin",,2024,0.024083120822906496,0.34525171279907224,0.05031090259552002,0.19463340044021607,0.04833779931068421,0.37096027851104735,0,0.4928528022766113,0.1419627571105957,0.12317099571228028,0.00008064000110607594,0.1349506378173828,0.002770650014281273,0.08570972442626953,0.2548756408691406,0,0.15556132793426514,0.662617027759552,0.370959997177124,1.3919349908828735,2.4255120754241943,138,102,128,141,0.009929000400006771,0.1423410028219223,0.02074199914932251,0.08024399727582932,0.01992800086736679,0.15294000506401062,0,0.2031950056552887,0.05852799862623215,0.05078100040555,0.00003300000025774352,0.055636998265981674,0.0011419999646022916,0.035335998982191086,0.1050809994339943,0,0.06413500010967255,0.27318599820137024,0.15294000506401062,0.5738720297813416,0.000069,0.000105,0.000318,0.000139,0.06
"Trinidad and Tobago",,2024,0.6200897598266601,0.40384669303894044,0.7823149681091308,0.37288889884948734,0.6774981975555421,0,0,0.09905834913253783,0.04856204867362976,0.13721694946289062,0.041488199830055236,0.3046854782104492,0.01458680033683777,0.0430026388168335,0.07552584171295167,0,0.15117629766464236,2.856637954711914,0,0.9153019785881042,3.7719409465789795,102,125,139,121,0.16439500451087952,0.10706599801778793,0.2074030041694641,0.09885799884796143,0.17961500585079193,0,0,0.026260999962687492,0.012873999774456024,0.03637799993157387,0.010998999699950218,0.08077599853277206,0.0038670001085847616,0.01140000019222498,0.020022999495267868,0,0.04007900133728981,0.7573390007019043,0,0.24266000092029572,0.000299,0,0.000209,0.000216,0.19333333333333333
"Gabon",,2024,0.846844711303711,0.6245290946960449,0.21178359746932982,0.030768901109695435,0.008678799867630005,0.0021197700686752794,0.23032968521118163,0.5250560188293457,0.058622188568115234,0.12803314924240114,0.00021923999302089214,0.06115632057189942,0.0032283999025821686,0.025565121173858642,0,0,0.146744179725647,1.7226049900054932,0.2324489951133728,0.9486240148544312,2.9036788940429688,117,109,138,136,0.29164499044418335,0.21508100628852844,0.07293599843978882,0.010595999658107758,0.0029879999347031116,0.0007300000288523734,0.07932300120592117,0.18082399666309357,0.020188000053167343,0.04409300163388252,0.00007500000356230885,0.021060999482870102,0.0011109999613836408,0.008803999982774258,0,0,0.050537001341581345,0.5932490229606628,0.08005300164222717,0.3266969919204712,0.000181,0.000066,0.000216,0.000166,0.09333333333333334
"Luxembourg",,2024,0.020578958988189698,0.29140254020690914,2.0495583915710447,10.054428863525391,8.490312194824218,0.06995249927043914,0,0.3759908866882324,0.16744451522827147,0.1636765241622925,0.26455026626586914,0.4096088409423828,0.5898026466369629,0.28313772201538084,0.2506084823608398,0.3992240905761719,0.11143352985382081,20.906280517578125,0.06995200365781784,3.015476942062378,23.991710662841797,49,114,94,61,0.0008570000063627958,0.012144999578595161,0.08542700111865997,0.4190790057182312,0.3538849949836731,0.0029150000773370266,0,0.015670999884605408,0.006978999823331833,0.006821999792009592,0.011025999672710896,0.017071999609470367,0.02458300068974495,0.011800999753177166,0.010444999672472477,0.01664000004529953,0.004643999971449375,0.8713949918746948,0.0029150000773370266,0.12568800151348114,0.002191,0.00002,0.000688,0.001374,0.5933333333333334
"Iceland",,2024,0.029731199741363526,0.5616004371643066,0.16418907523155213,2.1473247528076174,0.551819896697998,0,0,0.08244503974914551,0.19510581493377685,0.15991480350494386,0.13840461373329163,0.24177215576171876,0.14913209676742553,0.22328868865966797,0.1348813247680664,0.23358198165893557,0.11132543087005616,3.454664945602417,0,1.6698520183563232,5.12451696395874,92,125,123,114,0.005801000166684389,0.10959000140428543,0.03203900158405304,0.41902899742126465,0.1076819971203804,0,0,0.016087999567389488,0.03807299956679344,0.03120500035583973,0.027008000761270523,0.047178998589515686,0.029100999236106873,0.04357200115919113,0.026319999247789383,0.04558100178837776,0.021724000573158264,0.6741440296173096,0,0.32585498690605164,0.000362,0,0.000381,0.000293,0.24
"Moldova",,2024,0.08128199577331544,0.2187002420425415,0.28799073457717894,0.7886490821838379,0.04921660125255585,0.17806094527244568,0,0.13098567008972167,0.030745439529418946,0.5219279766082764,0.05568651080131531,0.879835433959961,0.01347000002861023,0.045810360908508305,0.3552345657348633,0,0.09948654770851136,1.4258379936218262,0.17805999517440796,2.1331820487976074,3.737082004547119,122,111,109,122,0.02174999937415123,0.05852099880576134,0.07706200331449509,0.21103300154209137,0.013168999925255775,0.04764699935913086,0,0.03505000099539757,0.008227000012993813,0.1396609991788864,0.014901000075042248,0.23543299734592438,0.0036039999686181545,0.012257999740540981,0.09505599737167358,0,0.026621000841259956,0.38153699040412903,0.04764699935913086,0.5708140134811401,0.000149,0.00005,0.000487,0.000214,0.18666666666666668
"Mauritania",,2024,0.004376400113105774,0.3854831314086914,0.010200780183076859,0.1013720989227295,0.000329499994404614,0,0,0.22837268829345703,0,0.09619817733764649,0.000025875000574160367,0.10541839599609375,0,0.011821999549865722,0.023317840099334717,0,0.09447102546691895,0.5017619729042053,0,0.5596259832382202,1.0613880157470703,141,125,148,148,0.0041229999624192715,0.3631869852542877,0.009610000066459179,0.09550900012254715,0.0003100000030826777,0,0,0.21516400575637817,0,0.09063400328159332,0.000024000000848900527,0.09932100027799606,0,0.011137999594211578,0.02196899987757206,0,0.08900699764490128,0.4727410078048706,0,0.5272579789161682,0.000053,0,0.000128,0.000061,0.013333333333333334
"Equatorial Guinea",,2024,0.7871571350097657,0.5248507690429687,0.07283249974250793,0.04486959874629975,0,0,1.0488767623901367,0.2904597187042236,0,0.13824005126953126,0,0.060628318786621095,0,0.002068839967250824,0,0,0.0861019253730774,1.429710030555725,1.0488760471343994,0.5774980187416077,3.0560851097106934,121,80,147,132,0.2575699985027313,0.17173899710178375,0.023831000551581383,0.014681999571621418,0,0,0.34320899844169617,0.09504300355911255,0,0.04523399844765663,0,0.0198379997164011,0,0.0006760000251233578,0,0,0.028172999620437622,0.46782299876213074,0.34320899844169617,0.18896600604057312,0.00015,0.000297,0.000132,0.000175,0.12
"Brunei",,2024,0.9652113342285157,0.8594267463684082,0.39223594665527345,0.1072733998298645,0,0.06147341966629028,0,0.14115981101989747,0.020969969630241392,0.048798474669456485,0,0.11730243682861329,0.0016141999512910843,0.08437975883483886,0.0370249605178833,0,0.06973174810409546,2.3241469860076904,0.061473000794649124,0.5209810137748718,2.906601905822754,110,115,150,135,0.33207499980926514,0.2956799864768982,0.13494600355625153,0.03690600022673607,0,0.02114900015294552,0,0.04856500029563904,0.007213999982923269,0.016788000240921974,0,0.04035700112581253,0.0005549999768845737,0.029030000790953636,0.0127379996702075,0,0.023989999666810036,0.7996090054512024,0.02114900015294552,0.17924000322818756,0.000244,0.000017,0.000119,0.000166,0.09333333333333334
"Haiti",,2024,0.00001104000024497509,0.005407440215349197,0.1330829071998596,0.041065001487731935,0,0,0,0.01987065017223358,0.06261689901351929,0.1519595265388489,0,0.3320213317871094,0.049270948767662054,0.018619680404663087,0,0,0.06839330196380615,0.17956599593162537,0,0.7027519941329956,0.8823189735412598,149,125,143,150,0.000012000000424450263,0.006128000095486641,0.15083299577236176,0.04654200002551079,0,0,0,0.022520000115036964,0.07096800208091736,0.17222699522972107,0,0.3763050138950348,0.05584200099110603,0.02110300026834011,0,0,0.07751499861478806,0.20351600646972656,0,0.7964829802513123,0.000019,0,0.00016,0.000051,0
"Jamaica",,2024,0.15485608100891113,0.1879639148712158,0.013365809619426726,1.7076547622680665,0.12425010204315186,0,0,0.028857300281524657,0.45329853057861325,0.7750389099121094,0.0008351549785584211,0.34609809875488284,0.011127249896526338,0.03635272026062012,0.47264163970947265,0,0.06504210233688355,2.1880900859832764,0,2.189291000366211,4.377381801605225,112,125,106,117,0.03537600114941597,0.04293899983167648,0.0030529999639838934,0.39010798931121826,0.028384000062942505,0,0,0.006591999903321266,0.10355400294065475,0.1770550012588501,0.0001900000061141327,0.0790650025010109,0.00254100002348423,0.008303999900817871,0.10797300189733505,0,0.014857999980449677,0.4998619854450226,0,0.5001369714736938,0.000229,0,0.000499,0.000251,0.22
"Togo",,2024,0.04901624202728272,0.1200457763671875,0.03683286130428314,0.2298901081085205,0.2169708013534546,0.03391632109880447,0,0.350168981552124,0.21054170608520506,0.12476749420166017,0.0002490750001743436,0.07078092098236084,0,0.02541735887527466,2.78281494140625,0,0.06308680176734925,0.6527550220489502,0.03391600027680397,3.6278269290924072,4.3144989013671875,139,117,84,119,0.011359999887645245,0.02782299928367138,0.008535999804735184,0.053282998502254486,0.05028799921274185,0.007860999554395676,0,0.08116000145673752,0.04879799857735634,0.02891799993813038,0.00005700000110664405,0.016404999420046806,0,0.005890999920666218,0.6449909806251526,0,0.01462200004607439,0.15129299461841583,0.007860999554395676,0.840844988822937,0.000068,0.00001,0.000828,0.000247,0.20666666666666667
"Mauritius",,2024,0.006252400279045105,0.11369321823120117,0.1784767520427704,1.0357305526733398,0.08492069840431214,0.25068285942077634,0,0.03603947997093201,0.20418140888214112,0.07167957425117492,0.04413978070020676,0.11855547904968262,0.08914440274238587,0.026599559783935547,0.1937876319885254,0,0.05811870098114014,1.4190729856491089,0.25068199634552,0.8422459959983826,2.5120019912719727,123,107,142,139,0.002489000093191862,0.04525899887084961,0.07104899734258652,0.41231200098991394,0.033805001527071,0.09979400038719177,0,0.01434599980711937,0.08128199726343155,0.028534000739455223,0.01757100038230419,0.04719499871134758,0.03548699989914894,0.01058799959719181,0.07714399695396423,0,0.023135999217629433,0.5649170279502869,0.09979400038719177,0.33528798818588257,0.000149,0.000071,0.000192,0.000144,0.07333333333333333
"Rwanda",,2024,0.021431119441986085,0.20556053638458252,0.041491890549659724,0.33567910194396977,0.008129499852657318,8.796662292480468,0,0.6439060592651367,0.1890321922302246,0.10982445478439332,0,0.2581806755065918,0.0006814499851316214,0.08777859687805176,0.5097513198852539,0,0.05522677302360535,0.6122919917106628,8.796662330627441,1.8543809652328491,11.263336181640625,140,40,115,87,0.0019020000472664833,0.0182499997317791,0.0036830001045018435,0.029802000150084496,0.0007210000185295939,0.7809990048408508,0,0.05716799944639206,0.0167820006608963,0.009750000201165676,0,0.022921999916434288,0.00005999999848427251,0.007792999967932701,0.045256998389959335,0,0.004902999848127365,0.054361000657081604,0.7809990048408508,0.1646379977464676,0.000064,0.002488,0.000423,0.000645,0.42
"Burundi",,2024,0.00098191998898983,0.017661479115486146,0.0038310299813747403,0.03451690077781677,0.0009886999614536762,8.629597320556641,0,0.43050547599792477,0.04012022852897644,0.104699444770813,0,0.09402999877929688,0.0036086499691009525,0.011821999549865722,0.38725444793701175,0,0.04661527574062348,0.0579800009727478,8.629596710205078,1.1186549663543701,9.806233406066895,150,42,136,91,0.00009999999747378752,0.001800999976694584,0.00039000000106170774,0.003519000019878149,0.00009999999747378752,0.8800110220909119,0,0.043901000171899796,0.004091000184416771,0.010676000267267227,0,0.009588000364601612,0.00036700000055134296,0.0012049999786540866,0.039489999413490295,0,0.0047530001029372215,0.005911999847739935,0.8800110220909119,0.11407499760389328,0.000006,0.002441,0.000255,0.000562,0.3933333333333333
"Malta",,2024,0.14790264129638672,0.10601574182510376,0.3667859029769897,2.6179431915283207,2.2106828689575195,0.016958160549402235,0,0.14466330528259277,0.27416916847229,0.14651999473571778,0,0.30654067993164064,0.4145406723022461,0.11496928215026855,0.29075204849243164,0.13851267457008362,0.03065364956855774,5.449329853057861,0.016958000138401985,1.861320972442627,7.327610015869141,81,121,114,100,0.020183999091386795,0.014467000029981136,0.05005500093102455,0.3572709858417511,0.30169200897216797,0.0023139999248087406,0,0.019742000848054886,0.037415001541376114,0.01999500021338463,0,0.041832998394966125,0.05657200142741203,0.015689000487327576,0.039677999913692474,0.018902000039815903,0.004182999953627586,0.7436699867248535,0.0023139999248087406,0.2540139853954315,0.000571,0.000005,0.000425,0.00042,0.3333333333333333
"Bahamas",,2024,0.022194719314575197,0.021965580582618712,0.04767237067222595,1.4107074737548828,0.8778803825378418,0,0,0.0801192283630371,0.19812702655792236,0.08108285069465637,0.0012026249896734953,0.22040212631225586,0.012913650274276734,0.009457600116729737,0,0,0.01729934960603714,2.380419969558716,0,0.6206039786338806,3.0010249614715576,108,125,145,133,0.007395000196993351,0.007319000083953142,0.015884999185800552,0.47007501125335693,0.2925260066986084,0,0,0.026697000488638878,0.06601899862289429,0.027017999440431595,0.00039999998989515007,0.0734419971704483,0.004302999936044216,0.0031510000117123127,0,0,0.005764000117778778,0.7932019829750061,0,0.20679700374603271,0.000249,0,0.000142,0.000172,0.11333333333333333
"European Union",,2024,27.48719970703125,34.9806005859375,352.946689453125,496.95297851562503,1338.2509765625,36.46440032958984,329.10360351562497,53.35140014648437,26.13719970703125,39.06099853515625,47.575799560546876,46.0172021484375,132.28399658203125,156.805595703125,72.5660009765625,200.44884521484377,58.88574829101563,2250.6201171875,365.57000732421875,845.8800048828125,3462.06005859375,,,,,0.009999999776482582,0.009999999776482582,0.10000000149011612,0.14000000059604645,0.38999998569488525,0.009999999776482582,0.10000000149011612,0.019999999552965164,0.009999999776482582,0.009999999776482582,0.009999999776482582,0.009999999776482582,0.05999999865889549,0.029999999329447746,0.019999999552965164,0.05999999865889549,0.019999999552965164,0.6499999761581421,0.10999999940395355,0.23999999463558197,0.235887,0.1034,0.192949,0.19828,1
,"BRICS",2024,79.9374821472168,100.87986831665039,568.1779046630859,260.6305896759033,434.6967147827149,264.64136942625044,839.410023651123,26.352771320343017,9.966374244689941,13.621406984329225,132.4235849905014,102.3304411315918,98.79598345756531,144.13484313964844,41.16755493164062,10.583204399347306,261.55603485107423,1444.3225173950195,1104.051396369934,840.9322319030761,3389.306121826172,,,,,0.023585205897688866,0.029764166101813316,0.16763842105865479,0.07689791917800903,0.12825536727905273,0.07808127999305725,0.24766427278518677,0.007775270380079746,0.0029405353125184774,0.004018936771899462,0.03907100111246109,0.030192149803042412,0.02914932370185852,0.042526356875896454,0.012146308086812496,0.0031225283164530993,0.0771709680557251,0.42614105343818665,0.325745552778244,0.24811339378356934,0.151379,0.312277,0.19182,0.194113,
,"OECD",2024,232.66721919685602,355.6782668209076,1448.6241047894955,1677.065252685547,3010.5323288440704,319.17801403239366,1591.1303965187071,190.7935892343521,123.96098359107971,81.56870982646943,406.926309428215,189.85180839538575,709.0628260552884,263.1451945590973,287.2999320983887,426.5891486077756,199.9274567127228,6724.567198038101,1910.308412976563,2879.125897169113,11514.001627445221,,,,,0.020207328721880913,0.03089093416929245,0.12581412494182587,0.14565442502498627,0.2614670693874359,0.02772085927426815,0.13819091022014618,0.016570571810007095,0.010766107589006424,0.007084305863827467,0.03534186631441116,0.016488777473568916,0.06158265843987465,0.022854365408420563,0.024952223524451256,0.03704959899187088,0.017363855615258217,0.5840339064598083,0.16591177880764008,0.25005432963371277,0.704802,0.540327,0.656741,0.659433,
,"Mercosur",2024,11.198908616006374,31.284788074493406,15.370168046951294,22.24528560638428,46.381003904342656,3.016437422633171,33.13436164855957,4.502597093582153,2.8210148191452027,4.529816794395447,3.4135162371397016,13.727178382873536,3.812458169460297,9.873467750549317,10.62322093963623,0.5100769813358784,29.290455913543703,126.48015356063844,36.150797948241234,83.10380005836487,245.73474979400635,,,,,0.0455731563270092,0.12731121480464935,0.06254780292510986,0.09052559733390808,0.1887441873550415,0.012275176122784615,0.13483791053295135,0.01832299679517746,0.011479917913675308,0.018433766439557076,0.013891059905290604,0.05586177110671997,0.015514525584876537,0.04017937183380127,0.043230436742305756,0.0020757217425853014,0.11919541656970978,0.5147019624710083,0.14711308479309082,0.33818498253822327,0.013257,0.010226,0.018956,0.014073,
,"NAFTA",2024,89.06377197265626,99.25637512207031,303.709658203125,388.10367279052736,1272.9872497558595,215.80938438400625,687.8715705871582,75.40910957336426,19.988338165283203,16.359345054626466,171.35560804367066,62.187993164062505,303.70334787368773,79.69780364990234,78.59237365722656,153.93096958160402,80.0671314239502,2153.1207122802734,903.6809821128845,1041.2919940948486,4098.093688964844,,,,,0.021732976660132408,0.02422013320028782,0.0741099864244461,0.09470346570014954,0.31062912940979004,0.05266091972589493,0.16785159707069397,0.018401021137833595,0.004877472296357155,0.0039919400587677956,0.04181349277496338,0.015174859203398228,0.07410844415426254,0.019447531551122665,0.019177788868546486,0.037561602890491486,0.019537651911377907,0.5253956913948059,0.2205125242471695,0.2540917992591858,0.225669,0.255604,0.237523,0.234707,
,"NATO",2024,185.1710569000244,261.73555396556856,1063.182227128744,1323.2896900177002,2310.2447074890138,314.9935816937685,1158.4530416107177,157.26190623521805,103.70767288684844,61.65407786369324,358.66294166386126,146.80077070236206,518.4265100464225,202.1508838939667,228.77735691070558,347.850151963234,150.0835981965065,5143.623222589493,1473.4466292336583,2275.375822544098,8892.445767641068,,,,,0.020823411643505096,0.029433472082018852,0.11956015974283218,0.14881055057048798,0.2597985863685608,0.03542260453104973,0.13027383387088776,0.01768488809466362,0.011662446893751621,0.006933309603482485,0.04033344238996506,0.01650848053395748,0.058299653232097626,0.022732878103852272,0.025727158412337303,0.039117489010095596,0.01687765121459961,0.57842618227005,0.16569644212722778,0.25587740540504456,0.539105,0.416761,0.519025,0.50929,
,"ASEAN",2024,34.716651689708236,50.460616407394404,200.54406194686888,125.75823851823807,107.6107808239758,9.7318796941638,136.7153009033203,13.153571051359176,13.439401132464408,2.883739396929741,10.52495323061943,33.16710174560547,6.954752207547426,10.980305714607239,15.28071716785431,0.4363736724853516,27.92384365797043,519.0903391838074,146.4471768029034,134.74476009607315,800.2822811603546,,,,,0.043380506336688995,0.06305351853370667,0.2505916655063629,0.15714235603809357,0.1344660222530365,0.012160559184849262,0.17083384096622467,0.01643616519868374,0.016793325543403625,0.0036034027580171824,0.01315155066549778,0.04144425317645073,0.008690373972058296,0.013720541261136532,0.019094159826636314,0.0005452746991068125,0.0348924919962883,0.6486340761184692,0.18299439549446106,0.1683715432882309,0.054406,0.041422,0.030737,0.045832,
,"G7",2024,109.47168121337891,157.13642028808593,767.983980102539,932.0089599609375,2199.422784423828,266.7263424396515,1248.3379248046874,127.83315559387206,53.47425155639648,43.33238868713379,307.5932881164551,111.69339141845704,576.6445190429688,156.38763916015625,179.74431640625,329.3073074340821,128.9493293762207,4166.023834228516,1515.0642852783203,2014.9595336914062,7696.0477294921875,,,,,0.014224402606487274,0.02041780762374401,0.09978939592838287,0.12110228091478348,0.2857860028743744,0.03465757519006729,0.1622050702571869,0.01661023497581482,0.006948274560272694,0.005630473140627146,0.03996769338846207,0.014513084664940834,0.07492735981941223,0.020320512354373932,0.023355405777692795,0.042789146304130554,0.01675526611506939,0.5413199067115784,0.19686263799667358,0.26181745529174805,0.436642,0.428532,0.459622,0.440769,
,"Ibero-American Community of Nations",2024,32.32428443431854,80.58007127523422,153.310492939353,154.41939133405685,177.96815615296364,13.984144448339938,124.20976804733276,26.74754100729944,32.74896298885346,14.553450405597687,17.809376766532658,47.43613708496094,12.960978234559299,32.197163251638415,30.200163135528566,11.038099441379309,58.45140817165375,598.6023945808411,138.19390445947647,284.1432741880417,1020.9395904541016,,,,,0.03166130930185318,0.07892736792564392,0.1501660794019699,0.15125222504138947,0.17431801557540894,0.013697328045964241,0.1216622143983841,0.026198945939540863,0.032077278941869736,0.014254957437515259,0.017444103956222534,0.046463217586278915,0.012695146724581718,0.03153679519891739,0.029580755159258842,0.010811707004904747,0.057252563536167145,0.5863249897956848,0.135359525680542,0.2783154547214508,0.062738,0.039088,0.064813,0.058473,
,"APEC",2024,208.7813286113739,264.5283587837219,1199.2456258817017,784.0043483376503,2137.4903769731523,479.0644214629009,1950.7364389801025,124.49510039806366,45.102085486650466,44.91353118121624,306.668733587265,172.14405321121217,552.7705242961646,244.79444427490236,171.13975121021272,219.27599486589435,341.40606392622,4594.049984693527,2429.800886060577,2222.710277915001,9246.561174869537,,,,,0.02257934957742691,0.0286082960665226,0.12969639897346497,0.0847887471318245,0.23116597533226013,0.05181001126766205,0.21096885204315186,0.013463934883475304,0.004877714440226555,0.004857322666794062,0.03316570818424225,0.018617089837789536,0.05978120118379593,0.026474107056856155,0.01850847527384758,0.023714328184723854,0.03692248836159706,0.4968387484550476,0.2627788782119751,0.2403823733329773,0.481502,0.687259,0.50701,0.529569,
,"League of Arab States",2024,135.0087140366016,100.3332548367977,60.466822496373204,123.34320886135102,72.12472833630163,9.575016247071325,142.25276264190674,43.58841969966888,18.862438938617707,4.550063842535019,7.854593300586857,33.54626784324646,2.8653229106217624,19.355626065731048,30.14025690793991,17.54033017873764,17.68734927177429,491.2767264544964,151.82777398824692,195.99066317081449,839.0951737761497,,,,,0.16089797019958496,0.11957315355539322,0.0720619335770607,0.14699549973011017,0.08595535904169083,0.011411120183765888,0.16953113675117493,0.05194693058729172,0.022479498758912086,0.005422583781182766,0.009360789321362972,0.03997909650206566,0.0034147771075367928,0.023067260161042213,0.035919949412345886,0.02090386301279068,0.02107907459139824,0.5854839086532593,0.18094225227832794,0.2335738241672516,0.051492,0.042944,0.044705,0.048058,
,"African Union",2024,36.65896832003602,43.82631714642048,21.760473592299967,46.184702126309276,26.958802363532598,77.43547423157841,91.90517406463623,30.708246581554413,11.93362408608198,9.53484025001526,2.6129803783922396,23.367918643951416,1.1486774839926512,14.948075602352619,20.90980715662241,0.06875011324882507,29.085726508498194,175.38925209641457,169.3406351916492,144.3186309337616,489.0485517382622,,,,,0.07495976984500885,0.08961547166109085,0.04449552670121193,0.0944378674030304,0.055125001817941666,0.15833903849124908,0.1879264861345291,0.06279181689023972,0.024401716887950897,0.01949671469628811,0.005342987831681967,0.04778240993618965,0.0023488004226237535,0.030565626919269562,0.0427560955286026,0.00014057931548450142,0.05947410687804222,0.3586336076259613,0.3462654948234558,0.2951008379459381,0.018383,0.047897,0.032917,0.028009,
,"ECOWAS",2024,10.454399081468582,11.438961803913116,1.080874609351158,5.893511214852333,2.861707516014576,8.900928326547145,2.8915145301818845,8.664417943954467,1.1717841723561286,1.5933542370796205,0.010486214748962084,3.237188181877136,0.05072665135376156,2.0543738734722137,5.983446850776673,0,4.584121614694595,31.729451447725296,11.792437953874469,27.349895775318142,70.87179565429688,,,,,0.14751142263412476,0.1614035815000534,0.01525112520903349,0.08315736055374146,0.04037865251302719,0.1255919635295868,0.040799226611852646,0.12225481122732162,0.016533857211470604,0.02248220518231392,0.00014796033792663366,0.04567667841911316,0.0007157523068599403,0.028987186029553413,0.08442635089159012,0,0.06468188762664795,0.4477021098136902,0.16639113426208496,0.3859066367149353,0.003324,0.003335,0.00624,0.004059,
,"Shanghai Cooperation Organization",2024,76.5788601064682,77.79284113883972,555.3867010009288,249.99788279533388,379.4613230019808,266.7738615965098,832.7048407745361,31.94227904319763,11.222750873565673,13.640608525276186,128.61681895097718,96.9920753479004,96.76766602098942,137.96137657165528,45.68578918457031,10.514538633823395,241.75841066837313,1339.2175622284412,1099.4787025414407,815.1023472547531,3253.798599720001,,,,,0.023535218089818954,0.02390831522643566,0.1706887185573578,0.07683262228965759,0.11662102490663528,0.08198843896389008,0.2559177577495575,0.009816919453442097,0.0034491228871047497,0.004192210268229246,0.03952820599079132,0.029808875173330307,0.029739907011389732,0.042400095611810684,0.014040755107998848,0.0032314658164978027,0.0743003636598587,0.41158586740493774,0.3379061818122864,0.2505079209804535,0.140363,0.310984,0.185928,0.186352,
,"Gulf Cooperation Council",2024,104.96069137573242,77.0432137298584,46.79010329246521,89.20667524337769,65.29712386131287,1.8675203514285386,63.32041133880615,30.861563873291015,10.648506490588188,1.3998143434524537,6.893173141479492,18.705750312805176,2.629544109478593,9.777856884002686,14.07439968109131,17.54033017873764,8.303865194320679,383.29780864715576,65.18792843818665,120.83480310440063,569.3205432891846,,,,,0.1843613237142563,0.1353248506784439,0.08218587189912796,0.15668971836566925,0.11469307541847229,0.0032802617643028498,0.11122102290391922,0.05420771241188049,0.0187038853764534,0.002458745613694191,0.012107718735933304,0.03285627067089081,0.0046187411062419415,0.017174607142806053,0.02472139708697796,0.03080923482775688,0.014585571363568306,0.6732548475265503,0.11450127512216568,0.21224388480186462,0.040174,0.018438,0.027562,0.032607,
,"European Union",2024,27.48719970703125,34.9806005859375,352.946689453125,496.95297851562503,1338.2509765625,36.46440032958984,329.10360351562497,53.35140014648437,26.13719970703125,39.06099853515625,47.575799560546876,46.0172021484375,132.28399658203125,156.805595703125,72.5660009765625,200.44884521484377,58.88574829101563,2250.6201171875,365.57000732421875,845.8800048828126,3462.06,,,,,0.009999999776482582,0.009999999776482582,0.10000000149011612,0.14000000059604645,0.38999998569488525,0.009999999776482582,0.10000000149011612,0.019999999552965164,0.009999999776482582,0.009999999776482582,0.009999999776482582,0.009999999776482582,0.05999999865889549,0.029999999329447746,0.019999999552965164,0.05999999865889549,0.019999999552965164,0.6499999761581421,0.10999999940395355,0.23999999463558197,0.235887,0.1034,0.192949,0.19828,
,"Low income countries",2024,1.7919268621445554,7.574196934103965,1.266320437286049,6.600832050666213,1.1800320095848293,46.698210450187325,6.34646032333374,13.305842996835707,1.8805785611271857,2.981206387281418,0.026057744798163186,4.857410898208618,0.3373335982207209,2.4227778548002243,8.126497778892517,0,11.910947868227959,18.41330114006996,53.04466430656612,45.84864544868469,117.30663079023361,,,,,0.015275579877197742,0.06456750631332397,0.010794959962368011,0.056269899010658264,0.01005937997251749,0.39808669686317444,0.05410146340727806,0.11342788487672806,0.016031306236982346,0.025413792580366135,0.0002221336035290733,0.041407812386751175,0.0028756565880030394,0.0206533744931221,0.06927569210529327,0,0.10153687000274658,0.15696726739406586,0.452188104391098,0.3908444344997406,0.00193,0.015004,0.010457,0.006716,
,"Middle income countries",2024,192.9222673991148,248.77747034624218,882.1853305202723,500.9574352487922,559.6155514109181,380.80354528527704,1157.3168491744996,104.07371553768637,64.30270277269184,44.6696776509285,169.15036675646172,222.64540954589845,108.07783628795296,195.58758826866747,125.03183806627989,27.598776703327896,355.70813140273094,2384.4579855799675,1538.120371719822,1416.8460540175438,5339.424439430237,,,,,0.036131661385297775,0.04659256339073181,0.16522105038166046,0.09382236748933792,0.10480821877717972,0.07131921499967575,0.216749370098114,0.019491560757160187,0.012043002992868423,0.008366010151803493,0.03167951479554176,0.0416983924806118,0.020241476595401764,0.036630839109420776,0.023416725918650627,0.00516886729747057,0.06661918759346008,0.4465758502483368,0.288068562746048,0.26535558700561523,0.249912,0.435051,0.323188,0.305805,
,"High income countries",2024,339.7511175689101,428.95414921581744,1462.972435991764,1803.9518287301064,3095.9067846775056,305.880675382521,1631.570501461029,215.5007298016548,123.27441094636917,83.46341601908208,396.38377496282567,193.06563341140748,715.6987831644715,267.63328180074694,290.29894909858706,430.6733111971617,195.21841389089823,7131.536337375641,1937.4511745921336,2911.2106376290326,11980.198279380798,,,,,0.028359390795230865,0.03580526262521744,0.12211588025093079,0.15057779848575592,0.25841864943504333,0.025532187893986702,0.13618893921375275,0.01798807643353939,0.010289846919476986,0.006966780871152878,0.03308657929301262,0.016115395352244377,0.05974014475941658,0.022339636459946632,0.02423156425356865,0.03594876453280449,0.016295090317726135,0.5952770113945007,0.1617211252450943,0.24300187826156616,0.747458,0.548002,0.66406,0.686133,
,"G20",2024,286.220980758667,370.84443054199215,1604.6076116752624,1400.6207530975344,2927.404191207886,569.0021685098111,2408.6728244018555,203.92871638298033,101.1335465812683,72.04796960353852,487.6169834375381,267.6771437072754,728.5085895299912,354.7563621520996,286.6011557388306,388.9020954096318,442.8630142211914,6589.6979331970215,2977.675010204315,3334.0355606079097,12901.408561706543,,,,,0.022185251116752625,0.028744490817189217,0.12437460571527481,0.10856340080499649,0.22690577805042267,0.04410387948155403,0.18669843673706055,0.01580670103430748,0.007838954217731953,0.0055845039896667,0.03779564052820206,0.020747900009155273,0.05646736919879913,0.027497490867972374,0.022214718163013458,0.030144156888127327,0.034326717257499695,0.5107735395431519,0.23080231249332428,0.25842416286468506,0.690667,0.842227,0.760508,0.738891,
,"North America",2024,83.2711767578125,89.91638488769532,231.85605651855468,371.5087768554688,1248.5171142578126,215.78818668365477,685.2103857421874,73.94165588378905,13.374278411865234,15.501115798950195,169.10097061157225,55.790191650390625,303.0411804199219,76.75249145507813,75.079306640625,153.21394302368165,73.95750885009765,2025.0694885253906,900.9986000061036,1009.7526168823241,3935.8207092285156,,,,,0.02115725912153721,0.02284565009176731,0.05890920013189316,0.09439168870449066,0.31721898913383484,0.054826732724905014,0.17409592866897583,0.018786845728754997,0.003398091299459338,0.003938470967113972,0.04296460375189781,0.014174982905387878,0.07699567824602127,0.019501013681292534,0.019075896590948105,0.0389280803501606,0.018790872767567635,0.5145227909088135,0.22892268002033234,0.256554514169693,0.212248,0.254845,0.230329,0.225413,
,"Latin America",2024,27.13984789970331,67.37166182532906,100.20344045430421,75.93557740449906,102.83131983876228,4.797046765387058,78.09111127853393,17.094509874482174,15.899302479028702,12.335377937555315,7.986143341194838,43.2788254737854,5.449416949599982,17.676158086061477,21.661614918708803,1.7400548551976682,49.03559556752444,373.4818468987942,82.8881521821022,192.15698897838593,648.5269980430603,,,,,0.04184844717383385,0.10388413071632385,0.1545092761516571,0.11708930879831314,0.1585613489151001,0.007396834436804056,0.12041304260492325,0.02635897882282734,0.024516021832823753,0.019020607694983482,0.01231428049504757,0.06673403829336166,0.00840276014059782,0.02725585550069809,0.0334012545645237,0.002683087717741728,0.07561072707176208,0.5758925080299377,0.12780986726284027,0.2962975800037384,0.039142,0.023445,0.043831,0.037145,
,"Europe",2024,155.70607872366907,238.31426056623457,993.8455077946186,1184.8457355499268,1353.4511817246675,371.1410686019808,726.9685598373413,117.28906081080436,105.4942489671707,56.65706515312195,207.32555901937187,130.44412439346314,251.98467140309515,153.13554605960846,200.42075757980348,219.43077203154567,105.57932014465332,3926.162781238556,1098.1096189375967,1547.7610903978348,6572.033581018448,,,,,0.02369222231209278,0.03626187518239021,0.15122343599796295,0.18028602004051208,0.20594100654125214,0.056472789496183395,0.11061546951532364,0.017846692353487015,0.016051994636654854,0.008620933629572392,0.031546637415885925,0.01984836533665657,0.038341961801052094,0.02330108918249607,0.030496003106236458,0.033388566225767136,0.01606494002044201,0.5974045395851135,0.16708825528621674,0.23550717532634735,0.411501,0.310597,0.353054,0.376396,
,"Maghreb and the Middle East",2024,140.81338798165322,105.91598566889762,73.82883173123001,153.46999664306642,84.53930481907446,9.575016247071325,164.52123779296875,47.75933566331863,20.15617122888565,6.748307812213898,9.25777090526215,40.619034118652344,10.542581043019892,28.59395492553711,32.32057478666306,18.519809806346895,23.23524944782257,558.5675036013126,174.09624767303467,237.75278437137604,970.4165449142456,,,,,0.14510612189769745,0.10914486646652222,0.07607952505350113,0.15814857184886932,0.08711650967597961,0.00986691378057003,0.16953672468662262,0.04921529442071915,0.020770639181137085,0.0069540319964289665,0.009539997205138206,0.041857317090034485,0.010863974690437317,0.029465651139616966,0.033305875957012177,0.019084392115473747,0.0239435825496912,0.5755956172943115,0.1794036328792572,0.24500074982643127,0.058544,0.049243,0.054231,0.05558,
,"Sub-Saharan Africa",2024,22.871975700402345,32.35877763569355,10.417100423444062,22.37611277513206,22.30881570945494,69.77885281356052,18.040076637268065,28.30314604282379,5.452486623823643,7.253576648235321,2.193873699662072,15.475078220367433,1.0366310321260244,8.28621121674776,12.851745683252812,0.06875011324882507,23.66550026834011,110.33277210593224,87.8189157359302,104.58698570728302,302.7387048602104,,,,,0.07555022090673447,0.10688681900501251,0.0344095416367054,0.07391229271888733,0.0736900046467781,0.2304920107126236,0.05958959460258484,0.0934903472661972,0.018010536208748817,0.02395985834300518,0.007246756460517645,0.0511169470846653,0.003424177411943674,0.027370834723114967,0.042451612651348114,0.00022709390032105148,0.07817137241363525,0.3644488453865051,0.29008156061172485,0.34546947479248047,0.011564,0.024839,0.023854,0.017337,
,"Asia-Pacific",2024,105.98063059265841,152.51852374434472,936.7859068409354,503.5874369978905,848.5892236880959,62.302260006330904,1129.2660583877564,51.24281229972839,29.526333034113048,32.93119573891163,169.6958818870224,138.19208455085754,252.08045680262148,181.37513889953493,81.12328533470631,65.2987580704689,290.47688390016555,2547.461683630943,1191.5682939807884,1291.9428567886353,5030.972870111465,,,,,0.02106563374400139,0.030315911397337914,0.186203733086586,0.1000974252820015,0.16867299377918243,0.012383740395307541,0.22446276247501373,0.010185468010604382,0.005868911277502775,0.006545691285282373,0.03373023122549057,0.027468262240290642,0.050105709582567215,0.03605170175433159,0.016124771907925606,0.012979350052773952,0.05773771554231644,0.5063557028770447,0.23684649169445038,0.25679782032966614,0.267,0.337029,0.294698,0.288133,